"ref","S.DATE","E.DATE","LAT","LON"
"gp10-685-07","31/08/2007 18:15","31/08/2007 19:36",68.9953,15.0511
"gp10-685-07","01/09/2007 07:13","01/09/2007 08:59",69.0207,15.0631
"gp10-685-07","01/09/2007 17:54","01/09/2007 19:37",69.0209,15.062
"gp10-685-07","01/09/2007 20:16","01/09/2007 21:19",69.0211,15.0618
"gp10-685-07","02/09/2007 06:58","02/09/2007 10:29",69.0209,15.0617
"gp10-685-07","02/09/2007 10:31","02/09/2007 11:28",69.0219,15.0636
"gp10-685-07","02/09/2007 19:00","03/09/2007 00:57",69.0211,15.0617
"gp10-685-07","03/09/2007 06:51","03/09/2007 13:42",69.021,15.0597
"gp10-685-07","03/09/2007 19:02","04/09/2007 01:35",69.0208,15.0607
"gp10-685-07","04/09/2007 01:36","04/09/2007 02:21",69.0209,15.0601
"gp10-685-07","04/09/2007 07:30","04/09/2007 10:37",69.0212,15.0613
"gp10-685-07","04/09/2007 11:16","04/09/2007 14:23",69.0208,15.0614
"gp10-685-07","04/09/2007 19:56","05/09/2007 02:05",69.0206,15.0596
"gp10-685-07","06/09/2007 01:51","06/09/2007 02:06",69.0209,15.0609
"gp10-685-07","06/09/2007 02:06","06/09/2007 02:44",69.0212,15.0626
"gp10-685-07","06/09/2007 13:17","06/09/2007 14:52",69.0212,15.0613
"gp10-685-07","06/09/2007 23:22","07/09/2007 03:14",69.0212,15.0597
"gp10-685-07","07/09/2007 03:34","07/09/2007 05:01",69.0211,15.0608
"gp10-685-07","07/09/2007 16:16","07/09/2007 18:20",69.0209,15.0613
"gp10-685-07","08/09/2007 00:54","08/09/2007 06:51",69.0218,15.0605
"gp10-685-07","08/09/2007 13:49","08/09/2007 19:16",69.0208,15.059
"gp10-685-07","09/09/2007 15:20","09/09/2007 19:30",69.0211,15.0606
"gp10-685-07","10/09/2007 15:19","10/09/2007 16:48",69.0213,15.0633
"gp10-685-07","10/09/2007 20:11","10/09/2007 20:31",69.0206,15.0603
"gp10-685-07","11/09/2007 19:31","11/09/2007 19:57",69.0209,15.0613
"gp10-685-07","12/09/2007 20:45","12/09/2007 21:23",69.0211,15.0595
"gp10-685-07","12/09/2007 21:25","12/09/2007 21:52",69.0212,15.0595
"gp10-685-07","13/09/2007 19:14","13/09/2007 21:27",69.0207,15.0614
"gp10-685-07","14/09/2007 20:13","14/09/2007 21:46",69.0211,15.0604
"gp10-685-07","15/09/2007 09:41","15/09/2007 10:37",69.0212,15.0626
"gp10-685-07","15/09/2007 17:18","15/09/2007 22:27",69.0212,15.0599
"gp10-685-07","16/09/2007 19:06","16/09/2007 22:37",69.0215,15.0609
"gp10-685-07","16/09/2007 22:37","16/09/2007 23:09",69.0214,15.0613
"gp10-685-07","17/09/2007 18:22","17/09/2007 23:13",69.0209,15.0606
"gp10-685-07","18/09/2007 20:55","18/09/2007 21:43",69.0212,15.0611
"gp10-685-07","19/09/2007 18:55","19/09/2007 20:41",69.0217,15.0598
"gp10-685-07","19/09/2007 20:40","20/09/2007 01:31",69.0213,15.0599
"gp10-685-07","20/09/2007 20:51","21/09/2007 01:25",69.0212,15.0594
"gp10-685-07","21/09/2007 22:53","22/09/2007 03:27",69.0211,15.061
"gp10-685-07","22/09/2007 23:45","23/09/2007 05:36",69.021,15.0596
"gp10-685-07","24/09/2007 00:11","24/09/2007 06:02",69.0222,15.0571
"gp10-685-07","24/09/2007 12:59","24/09/2007 19:20",69.021,15.0607
"gp10-685-07","25/09/2007 01:34","25/09/2007 03:04",69.0211,15.0592
"gp10-685-07","25/09/2007 15:46","25/09/2007 18:47",69.0211,15.061
"gp10-685-07","25/09/2007 18:58","25/09/2007 19:31",69.0215,15.0601
"gp10-685-07","27/09/2007 03:59","27/09/2007 08:03",69.0211,15.062
"gp10-685-07","27/09/2007 08:49","27/09/2007 09:21",69.0218,15.0629
"gp10-685-07","27/09/2007 16:14","27/09/2007 20:06",69.0208,15.0606
"gp10-685-07","27/09/2007 20:06","27/09/2007 20:42",69.0212,15.0602
"gp10-685-07","27/09/2007 20:42","27/09/2007 21:00",69.0212,15.0601
"gp10-685-07","28/09/2007 16:02","28/09/2007 21:35",69.0197,15.0609
"gp10-685-07","29/09/2007 04:34","29/09/2007 05:58",69.0211,15.0613
"gp10-685-07","29/09/2007 06:04","29/09/2007 08:02",69.0211,15.0621
"gp10-685-07","29/09/2007 08:25","29/09/2007 08:58",69.0213,15.062
"gp10-685-07","29/09/2007 16:08","29/09/2007 22:35",69.0209,15.0604
"gp10-685-07","30/09/2007 16:11","30/09/2007 17:08",69.021,15.0602
"gp10-685-07","30/09/2007 17:13","30/09/2007 20:38",69.0211,15.0607
"gp10-685-07","01/10/2007 07:50","01/10/2007 09:42",69.0241,15.0833
"gp10-685-07","01/10/2007 16:48","02/10/2007 00:09",69.0208,15.061
"gp10-685-07","02/10/2007 20:53","02/10/2007 21:53",69.0213,15.0612
"gp10-685-07","03/10/2007 16:55","03/10/2007 20:11",69.0212,15.0609
"gp10-685-07","03/10/2007 20:24","04/10/2007 02:03",69.0211,15.0612
"gp10-685-07","07/10/2007 01:07","07/10/2007 01:31",69.021,15.0613
"gp10-685-07","07/10/2007 01:32","07/10/2007 06:06",69.0212,15.0618
"gp10-685-07","07/10/2007 14:27","07/10/2007 17:34",69.0207,15.0705
"gp10-685-07","07/10/2007 17:35","07/10/2007 18:20",69.0202,15.083
"gp10-685-07","08/10/2007 05:10","08/10/2007 06:50",69.021,15.061
"gp10-685-07","09/10/2007 01:33","09/10/2007 05:10",69.0219,15.063
"gp10-685-07","17/10/2007 04:43","17/10/2007 11:16",68.9658,14.9406
"gp10-685-07","17/10/2007 17:57","17/10/2007 18:33",68.9665,14.9494
"gp10-685-07","19/10/2007 10:07","19/10/2007 12:08",68.9643,14.948
"gp10-685-07","20/10/2007 23:29","21/10/2007 00:55",68.9645,14.9484
"gp10-685-07","21/10/2007 02:05","21/10/2007 03:17",68.9664,14.947
"gp10-685-07","21/10/2007 03:19","21/10/2007 04:31",68.9663,14.944
"gp10-685-07","21/10/2007 15:15","21/10/2007 17:13",68.9666,14.9485
"gp10-685-07","21/10/2007 17:43","21/10/2007 18:18",68.9662,14.948
"gp10-685-07","21/10/2007 21:59","22/10/2007 02:39",68.9655,14.939
"gp10-685-07","22/10/2007 02:53","22/10/2007 03:37",68.9668,14.9478
"gp10-685-07","22/10/2007 03:38","22/10/2007 04:23",68.9667,14.9463
"gp10-685-07","22/10/2007 14:05","22/10/2007 15:11",68.9638,14.9406
"gp10-685-07","22/10/2007 23:45","23/10/2007 02:58",68.9669,14.9512
"gp10-685-07","24/10/2007 14:35","24/10/2007 17:54",68.9642,14.9478
"gp10-685-07","24/10/2007 17:54","24/10/2007 18:47",68.9644,14.9482
"gp10-685-07","25/10/2007 02:15","25/10/2007 04:37",68.9645,14.9478
"gp10-685-07","25/10/2007 14:11","25/10/2007 19:38",68.9646,14.9476
"gp10-685-07","25/10/2007 19:42","25/10/2007 20:00",68.9646,14.9469
"gp10-685-07","26/10/2007 00:47","26/10/2007 05:18",68.9644,14.9486
"gp10-685-07","26/10/2007 15:17","26/10/2007 19:24",68.9645,14.9482
"gp10-685-07","26/10/2007 19:25","26/10/2007 20:13",68.9644,14.9483
"gp10-685-07","27/10/2007 04:26","27/10/2007 06:12",68.9627,14.9478
"gp10-685-07","27/10/2007 17:15","27/10/2007 20:01",68.9647,14.9483
"gp10-685-07","28/10/2007 05:23","28/10/2007 08:45",68.9645,14.9477
"gp10-685-07","28/10/2007 08:56","28/10/2007 09:26",68.9643,14.9479
"gp10-685-07","28/10/2007 17:59","28/10/2007 20:42",68.9645,14.9481
"gp10-685-07","29/10/2007 04:36","29/10/2007 09:57",68.9647,14.9477
"gp10-685-07","29/10/2007 15:42","30/10/2007 00:03",68.9667,14.9485
"gp10-685-07","30/10/2007 06:43","30/10/2007 09:35",68.9671,14.9491
"gp10-685-07","30/10/2007 17:38","30/10/2007 22:15",68.9656,14.9487
"gp10-685-07","31/10/2007 09:15","31/10/2007 10:09",68.9646,14.947
"gp10-685-07","31/10/2007 10:10","31/10/2007 11:00",68.9643,14.9479
"gp10-685-07","31/10/2007 16:43","31/10/2007 17:00",68.9666,14.9496
"gp10-685-07","31/10/2007 17:11","01/11/2007 00:14",68.9667,14.9488
"gp10-685-07","02/11/2007 20:03","03/11/2007 00:49",68.9659,14.9489
"gp10-685-07","03/11/2007 13:44","03/11/2007 15:04",68.9668,14.9473
"gp10-685-07","03/11/2007 16:07","03/11/2007 17:59",68.9664,14.9486
"gp10-685-07","03/11/2007 18:36","03/11/2007 19:00",68.9666,14.9499
"gp10-685-07","03/11/2007 20:56","04/11/2007 01:39",68.9667,14.9471
"gp10-685-07","05/11/2007 01:25","05/11/2007 04:14",68.9645,14.9482
"gp10-685-07","06/11/2007 16:39","06/11/2007 17:18",68.9638,14.9487
"gp10-685-07","07/11/2007 02:57","07/11/2007 04:15",69.0221,15.0644
"gp10-685-07","07/11/2007 16:02","07/11/2007 17:32",69.0212,15.0614
"gp10-685-07","07/11/2007 17:40","07/11/2007 18:06",69.0213,15.0633
"gp10-685-07","07/11/2007 18:06","07/11/2007 18:51",69.0214,15.0642
"gp10-685-07","07/11/2007 18:52","07/11/2007 19:33",69.0215,15.0612
"gp10-685-07","08/11/2007 09:13","08/11/2007 10:10",68.9679,14.9431
"gp10-685-07","08/11/2007 16:14","08/11/2007 16:40",68.9659,14.954
"gp10-685-07","10/11/2007 18:45","10/11/2007 19:57",68.8043,14.7946
"gp10-685-07","11/11/2007 03:11","11/11/2007 05:45",68.804,14.6976
"gp10-685-07","13/11/2007 16:10","13/11/2007 16:28",68.7934,14.8724
"gp10-685-07","13/11/2007 16:37","13/11/2007 16:58",68.7927,14.8773
"gp10-685-07","13/11/2007 16:59","13/11/2007 19:45",68.792,14.8797
"gp10-685-07","13/11/2007 19:52","13/11/2007 20:21",68.792,14.8806
"gp10-685-07","13/11/2007 23:21","14/11/2007 00:03",68.781,14.8888
"gp10-685-07","14/11/2007 04:22","14/11/2007 05:03",68.7792,14.8866
"gp10-685-07","14/11/2007 05:12","14/11/2007 07:43",68.7762,14.8891
"gp10-685-07","14/11/2007 21:08","14/11/2007 21:58",68.7451,14.9066
"gp10-685-07","16/11/2007 19:10","17/11/2007 02:19",68.7451,14.9031
"gp10-685-07","17/11/2007 02:25","17/11/2007 04:14",68.7459,14.9063
"gp10-685-07","17/11/2007 08:23","17/11/2007 09:10",68.7452,14.9032
"gp10-685-07","17/11/2007 09:30","17/11/2007 10:53",68.7446,14.903
"gp10-685-07","18/11/2007 00:09","18/11/2007 02:04",68.7446,14.9023
"gp10-685-07","19/11/2007 17:12","19/11/2007 18:52",68.8055,14.8077
"gp10-685-07","20/11/2007 01:11","20/11/2007 03:42",68.8066,14.8079
"gp10-685-07","20/11/2007 22:38","21/11/2007 02:18",68.8077,14.8063
"gp10-685-07","22/11/2007 01:20","22/11/2007 02:38",68.8066,14.8089
"gp10-685-07","22/11/2007 02:40","22/11/2007 03:04",68.807,14.8091
"gp10-685-07","22/11/2007 03:09","22/11/2007 03:27",68.8072,14.8092
"gp10-685-07","23/11/2007 05:33","23/11/2007 06:33",68.7476,14.9031
"gp10-685-07","23/11/2007 23:21","24/11/2007 00:29",68.7691,14.8871
"gp10-685-07","24/11/2007 02:04","24/11/2007 03:09",68.7699,14.8857
"gp10-685-07","24/11/2007 14:25","24/11/2007 19:46",68.7686,14.8863
"gp10-685-07","25/11/2007 03:15","25/11/2007 03:53",68.7789,14.9134
"gp10-685-07","26/11/2007 15:38","26/11/2007 19:03",68.7835,14.8898
"gp10-685-07","26/11/2007 21:47","26/11/2007 22:10",68.78,14.8854
"gp10-685-07","26/11/2007 22:13","26/11/2007 22:25",68.7796,14.8851
"gp10-685-07","27/11/2007 16:17","27/11/2007 17:25",68.7838,14.8895
"gp10-685-07","27/11/2007 17:33","27/11/2007 22:54",68.7807,14.8871
"gp10-685-07","27/11/2007 23:02","27/11/2007 23:40",68.7813,14.8892
"gp10-685-07","28/11/2007 18:06","28/11/2007 23:51",68.781,14.8919
"gp10-685-07","29/11/2007 15:30","29/11/2007 20:45",68.7797,14.8908
"gp10-685-07","30/11/2007 18:11","01/12/2007 00:56",68.7851,14.8817
"gp10-685-07","01/12/2007 18:09","01/12/2007 21:10",68.7793,14.8942
"gp10-685-07","01/12/2007 21:20","02/12/2007 03:47",68.782,14.8961
"gp10-685-07","03/12/2007 00:52","03/12/2007 02:07",68.8664,14.9176
"gp10-685-07","05/12/2007 15:00","05/12/2007 19:04",68.966,14.9507
"gp10-685-07","08/12/2007 16:38","08/12/2007 19:15",68.9235,15.0237
"gp10-685-07","09/12/2007 03:18","09/12/2007 07:28",68.9185,15.0365
"gp10-685-07","09/12/2007 19:57","09/12/2007 20:12",68.9241,15.0243
"gp10-685-07","10/12/2007 15:27","10/12/2007 18:04",68.921,15.0335
"gp10-685-07","11/12/2007 19:05","11/12/2007 22:30",68.9238,15.02
"gp10-685-07","12/12/2007 06:16","12/12/2007 06:27",68.9232,15.0249
"gp10-685-07","17/12/2007 00:14","17/12/2007 00:34",68.9058,15.0412
"gp10-685-07","17/12/2007 08:45","17/12/2007 11:25",68.8444,15.0184
"gp10-685-07","18/12/2007 08:18","18/12/2007 09:33",68.8795,15.0501
"gp10-685-07","20/12/2007 00:11","20/12/2007 05:26",68.8837,15.0318
"gp10-685-07","20/12/2007 14:44","20/12/2007 17:06",68.8447,15.0229
"gp10-685-07","20/12/2007 23:58","21/12/2007 06:25",68.7827,14.891
"gp10-685-07","21/12/2007 11:00","21/12/2007 19:45",68.7803,14.8886
"gp10-685-07","21/12/2007 20:03","21/12/2007 21:03",68.7812,14.8879
"gp10-685-07","21/12/2007 21:28","22/12/2007 00:35",68.7811,14.8875
"gp10-685-07","22/12/2007 00:37","22/12/2007 08:10",68.7815,14.8893
"gp10-685-07","22/12/2007 13:21","22/12/2007 13:48",68.7814,14.8926
"gp10-685-07","22/12/2007 13:51","22/12/2007 19:30",68.7816,14.8918
"gp10-685-07","23/12/2007 00:38","23/12/2007 07:05",68.7817,14.8886
"gp10-685-07","23/12/2007 13:38","23/12/2007 16:39",68.7821,14.892
"gp10-685-07","23/12/2007 18:53","23/12/2007 19:17",68.7819,14.8897
"gp10-685-07","29/12/2007 11:21","29/12/2007 12:08",68.8773,15.0363
"gp10-685-07","29/12/2007 17:00","30/12/2007 01:57",68.782,14.8906
"gp10-685-07","30/12/2007 02:00","30/12/2007 02:20",68.7816,14.89
"gp10-685-07","30/12/2007 05:00","30/12/2007 13:45",68.7812,14.8907
"gp10-685-07","30/12/2007 18:29","30/12/2007 19:14",68.7814,14.8908
"gp10-685-07","30/12/2007 19:21","31/12/2007 03:54",68.7813,14.8899
"gp10-685-07","31/12/2007 13:13","31/12/2007 13:24",68.7815,14.8915
"gp10-685-07","31/12/2007 13:27","31/12/2007 15:16",68.7819,14.8924
"gp10-685-07","31/12/2007 15:28","31/12/2007 16:30",68.7819,14.8917
"gp10-685-07","31/12/2007 20:39","31/12/2007 20:50",68.7823,14.89
"gp10-685-07","31/12/2007 20:53","31/12/2007 21:49",68.7823,14.8904
"gp10-685-07","31/12/2007 22:01","31/12/2007 23:04",68.7825,14.8911
"gp10-685-07","03/01/2008 19:31","03/01/2008 19:54",68.9653,14.9471
"gp10-685-07","03/01/2008 19:57","04/01/2008 00:01",68.9664,14.9471
"gp10-685-07","06/01/2008 00:04","06/01/2008 08:01",68.9676,14.9497
"gp10-685-07","08/01/2008 03:57","08/01/2008 08:07",68.9603,14.9473
"gp10-685-07","08/01/2008 14:57","08/01/2008 21:42",68.9667,14.9481
"gp10-685-07","08/01/2008 23:12","09/01/2008 02:34",68.9664,14.9486
"gp10-685-07","09/01/2008 02:47","09/01/2008 05:33",68.9669,14.9488
"gp10-685-07","09/01/2008 16:06","09/01/2008 21:33",68.9622,14.9528
"gp10-685-07","11/01/2008 07:16","11/01/2008 09:14",68.9672,14.9479
"gp10-685-07","12/01/2008 05:53","12/01/2008 08:12",68.967,14.9486
"gp10-685-07","12/01/2008 08:13","12/01/2008 09:13",68.9666,14.9478
"gp10-685-07","12/01/2008 09:26","12/01/2008 10:14",68.9665,14.9487
"gp10-685-07","12/01/2008 18:09","12/01/2008 19:06",68.9672,14.9479
"gp10-685-07","12/01/2008 19:27","12/01/2008 23:13",68.9668,14.9486
"gp10-685-07","13/01/2008 03:20","13/01/2008 04:08",68.9721,14.9475
"gp10-685-07","13/01/2008 04:11","13/01/2008 06:42",68.9683,14.9455
"gp10-685-07","13/01/2008 18:15","13/01/2008 18:57",68.9672,14.9469
"gp10-685-07","13/01/2008 19:05","14/01/2008 00:14",68.9673,14.9477
"gp10-685-07","14/01/2008 19:19","15/01/2008 01:10",68.9666,14.948
"gp10-685-07","15/01/2008 09:54","15/01/2008 12:22",68.9669,14.9486
"gp10-685-07","19/01/2008 02:27","19/01/2008 06:07",68.9651,14.9339
"gp10-685-07","20/01/2008 00:11","20/01/2008 07:50",68.9668,14.9477
"gp10-685-07","20/01/2008 12:04","20/01/2008 19:01",68.956,14.9626
"gp10-685-07","22/01/2008 02:38","22/01/2008 09:17",68.9667,14.952
"gp10-685-07","22/01/2008 09:26","22/01/2008 10:34",68.9663,14.9563
"gp10-685-07","01/02/2008 00:14","01/02/2008 03:48",68.9644,14.9479
"gp10-685-07","02/02/2008 09:48","02/02/2008 15:39",68.9667,14.9476
"gp10-685-07","04/02/2008 02:50","04/02/2008 07:18",68.9642,14.9476
"gp10-685-07","04/02/2008 07:20","04/02/2008 08:20",68.9642,14.9479
"gp10-685-07","04/02/2008 08:21","04/02/2008 09:23",68.9642,14.948
"gp10-685-07","04/02/2008 14:24","04/02/2008 19:15",68.9668,14.9499
"gp10-685-07","05/02/2008 06:13","05/02/2008 07:09",68.9653,14.9543
"gp10-685-07","05/02/2008 07:10","05/02/2008 07:58",68.965,14.9544
"gp10-685-07","05/02/2008 08:31","05/02/2008 08:58",68.9647,14.9546
"gp10-685-07","05/02/2008 08:58","05/02/2008 10:22",68.9644,14.9548
"gp10-685-07","05/02/2008 11:41","05/02/2008 17:14",68.963,14.9555
"gp10-685-07","05/02/2008 17:48","05/02/2008 19:12",68.9618,14.9562
"gp10-685-07","06/02/2008 11:41","06/02/2008 18:38",68.9649,14.9417
"gp10-685-07","09/02/2008 07:40","09/02/2008 09:06",68.9666,14.9482
"gp10-685-07","09/02/2008 09:07","09/02/2008 09:21",68.9668,14.948
"gp10-685-07","11/02/2008 22:12","11/02/2008 23:39",68.8183,14.9016
"gp10-685-07","12/02/2008 09:51","12/02/2008 11:58",68.7812,14.8895
"gp10-685-07","12/02/2008 12:09","12/02/2008 12:50",68.7814,14.8868
"gp10-685-07","12/02/2008 18:21","12/02/2008 21:37",68.7808,14.8847
"gp10-685-07","13/02/2008 07:54","13/02/2008 08:45",68.7809,14.8847
"gp10-685-07","13/02/2008 12:24","13/02/2008 12:47",68.781,14.8847
"gp10-685-07","14/02/2008 17:46","14/02/2008 19:23",68.7814,14.8848
"gp10-685-07","14/02/2008 19:25","14/02/2008 19:36",68.7814,14.8848
"gp10-685-07","14/02/2008 20:00","15/02/2008 08:42",68.7815,14.8848
"gp10-685-07","15/02/2008 18:22","15/02/2008 23:13",68.7817,14.8849
"gp10-685-07","16/02/2008 08:34","16/02/2008 10:32",68.7819,14.8849
"gp10-685-07","16/02/2008 16:02","16/02/2008 22:35",68.782,14.8849
"gp10-685-07","16/02/2008 22:37","17/02/2008 00:47",68.782,14.8849
"gp10-685-07","17/02/2008 01:01","17/02/2008 05:44",68.7821,14.8849
"gp10-685-07","17/02/2008 11:40","17/02/2008 12:22",68.7822,14.8849
"gp10-685-07","17/02/2008 12:33","17/02/2008 12:48",68.7822,14.8849
"gp10-685-07","17/02/2008 12:49","17/02/2008 13:00",68.7822,14.8849
"gp10-685-07","17/02/2008 13:03","17/02/2008 13:24",68.7822,14.8849
"gp10-685-07","17/02/2008 13:32","17/02/2008 18:41",68.7822,14.8849
"gp10-685-07","17/02/2008 19:08","17/02/2008 19:49",68.7823,14.8849
"gp10-655-07","30/08/2007 10:15","30/08/2007 11:58",68.9403,14.933
"gp10-655-07","31/08/2007 06:32","31/08/2007 08:42",69.067,15.1758
"gp10-655-07","01/09/2007 06:10","01/09/2007 08:59",69.021,15.0623
"gp10-655-07","03/09/2007 07:19","03/09/2007 12:28",69.0673,15.1773
"gp10-655-07","04/09/2007 08:15","04/09/2007 13:42",69.065,15.1793
"gp10-655-07","07/09/2007 06:27","07/09/2007 07:44",69.0673,15.1775
"gp10-655-07","07/09/2007 08:03","07/09/2007 09:38",69.0673,15.1779
"gp10-655-07","07/09/2007 12:33","07/09/2007 17:16",69.0634,15.1654
"gp10-655-07","08/09/2007 04:55","08/09/2007 07:02",69.0685,15.18
"gp10-655-07","08/09/2007 07:06","08/09/2007 07:23",69.0679,15.176
"gp10-655-07","08/09/2007 14:34","08/09/2007 18:56",69.0624,15.1766
"gp10-655-07","09/09/2007 06:16","09/09/2007 07:16",69.0663,15.178
"gp10-655-07","09/09/2007 15:52","09/09/2007 19:02",69.0203,15.0617
"gp10-655-07","10/09/2007 05:26","10/09/2007 06:32",69.0211,15.0622
"gp10-655-07","10/09/2007 06:32","10/09/2007 07:10",69.0209,15.0599
"gp10-655-07","10/09/2007 14:55","10/09/2007 20:10",69.0629,15.1763
"gp10-655-07","11/09/2007 06:48","11/09/2007 07:06",69.0673,15.1776
"gp10-655-07","11/09/2007 07:08","11/09/2007 08:23",69.0674,15.1773
"gp10-655-07","11/09/2007 14:50","11/09/2007 15:14",69.0673,15.1771
"gp10-655-07","12/09/2007 15:38","12/09/2007 20:53",69.0653,15.1761
"gp10-655-07","13/09/2007 05:39","13/09/2007 08:07",69.0672,15.177
"gp10-655-07","13/09/2007 08:09","13/09/2007 08:50",69.067,15.1772
"gp10-655-07","14/09/2007 07:56","14/09/2007 08:29",69.0673,15.178
"gp10-655-07","15/09/2007 05:53","15/09/2007 10:03",69.0216,15.0578
"gp10-655-07","16/09/2007 06:38","16/09/2007 10:15",69.0214,15.063
"gp10-655-07","16/09/2007 18:09","16/09/2007 22:31",69.0203,15.0595
"gp10-655-07","17/09/2007 06:23","17/09/2007 10:45",69.0217,15.0618
"gp10-655-07","18/09/2007 07:29","18/09/2007 09:51",69.0225,15.0664
"gp10-655-07","19/09/2007 06:28","19/09/2007 13:31",69.0672,15.1775
"gp10-655-07","20/09/2007 06:17","20/09/2007 14:14",69.0642,15.1766
"gp10-655-07","20/09/2007 20:10","20/09/2007 21:06",69.0668,15.1768
"gp10-655-07","20/09/2007 21:05","21/09/2007 01:24",69.0676,15.1775
"gp10-655-07","21/09/2007 08:40","21/09/2007 15:13",69.0662,15.1705
"gp10-655-07","22/09/2007 10:35","22/09/2007 16:08",69.0648,15.1745
"gp10-655-07","23/09/2007 13:01","23/09/2007 15:38",69.0671,15.1801
"gp10-655-07","24/09/2007 13:27","24/09/2007 19:00",69.0672,15.1787
"gp10-655-07","25/09/2007 14:44","25/09/2007 18:30",69.0195,15.0565
"gp10-655-07","26/09/2007 18:57","26/09/2007 20:06",69.0671,15.1776
"gp10-655-07","27/09/2007 04:19","27/09/2007 07:26",69.065,15.1754
"gp10-655-07","27/09/2007 07:30","27/09/2007 08:14",69.0674,15.177
"gp10-655-07","27/09/2007 09:02","27/09/2007 09:32",69.0668,15.178
"gp10-655-07","27/09/2007 16:31","27/09/2007 20:08",69.0205,15.0618
"gp10-655-07","28/09/2007 05:47","28/09/2007 08:36",69.0219,15.0617
"gp10-655-07","28/09/2007 16:57","28/09/2007 20:55",69.0212,15.0613
"gp10-655-07","29/09/2007 05:45","29/09/2007 10:16",69.0211,15.0624
"gp10-655-07","29/09/2007 16:44","29/09/2007 21:53",69.0238,15.0657
"gp10-655-07","30/09/2007 07:00","30/09/2007 10:37",69.0212,15.0624
"gp10-655-07","30/09/2007 18:17","30/09/2007 22:33",69.0154,15.0543
"gp10-655-07","01/10/2007 06:55","01/10/2007 10:44",69.0214,15.0625
"gp10-655-07","01/10/2007 17:50","01/10/2007 23:47",69.021,15.0617
"gp10-655-07","03/10/2007 11:08","03/10/2007 11:53",69.0213,15.062
"gp10-655-07","03/10/2007 20:39","04/10/2007 02:06",69.0214,15.0619
"gp10-655-07","04/10/2007 23:50","05/10/2007 04:03",69.0207,15.0614
"gp10-655-07","05/10/2007 09:28","05/10/2007 17:49",69.0206,15.0573
"gp10-655-07","05/10/2007 22:04","06/10/2007 04:19",69.0217,15.0612
"gp10-655-07","06/10/2007 14:11","06/10/2007 16:42",69.0216,15.0646
"gp10-655-07","07/10/2007 13:26","07/10/2007 17:30",69.0213,15.0614
"gp10-655-07","08/10/2007 14:18","08/10/2007 16:13",69.0205,15.0592
"gp10-655-07","09/10/2007 16:04","09/10/2007 17:36",69.0209,15.0609
"gp10-655-07","10/10/2007 16:13","10/10/2007 19:02",69.0208,15.0608
"gp10-655-07","10/10/2007 19:03","10/10/2007 19:27",69.0194,15.062
"gp10-655-07","11/10/2007 17:52","11/10/2007 20:08",69.0208,15.0614
"gp10-655-07","12/10/2007 16:13","12/10/2007 17:00",69.0205,15.0607
"gp10-655-07","12/10/2007 16:59","12/10/2007 21:00",69.0187,15.066
"gp10-655-07","13/10/2007 06:22","13/10/2007 06:55",69.0214,15.0622
"gp10-655-07","13/10/2007 07:15","13/10/2007 08:39",69.0211,15.0614
"gp10-655-07","13/10/2007 08:41","13/10/2007 09:38",69.0216,15.0663
"gp10-655-07","13/10/2007 16:18","13/10/2007 20:37",69.02,15.0632
"gp10-655-07","15/10/2007 07:26","15/10/2007 10:03",68.9175,14.8365
"gp10-655-07","15/10/2007 17:43","15/10/2007 22:34",68.9169,14.837
"gp10-655-07","16/10/2007 07:43","16/10/2007 10:56",68.9159,14.8376
"gp10-655-07","16/10/2007 18:25","16/10/2007 23:46",68.9174,14.8372
"gp10-655-07","17/10/2007 08:14","17/10/2007 10:09",68.9178,14.8366
"gp10-655-07","17/10/2007 20:35","18/10/2007 00:15",68.9162,14.8423
"gp10-655-07","18/10/2007 19:55","19/10/2007 02:04",68.9172,14.8369
"gp10-655-07","19/10/2007 08:27","19/10/2007 15:30",68.9145,14.8336
"gp10-655-07","19/10/2007 21:37","20/10/2007 01:53",68.9169,14.8365
"gp10-655-07","20/10/2007 10:29","20/10/2007 15:32",68.9148,14.8326
"gp10-655-07","20/10/2007 20:40","21/10/2007 05:31",68.9194,14.8396
"gp10-655-07","21/10/2007 09:47","21/10/2007 16:32",68.9174,14.8376
"gp10-655-07","21/10/2007 23:40","22/10/2007 04:55",68.9177,14.832
"gp10-655-07","22/10/2007 14:02","22/10/2007 17:18",68.9175,14.8373
"gp10-655-07","23/10/2007 01:17","23/10/2007 05:21",68.918,14.8265
"gp10-655-07","23/10/2007 12:55","23/10/2007 18:10",68.9166,14.8371
"gp10-655-07","24/10/2007 02:37","24/10/2007 02:52",68.9177,14.8367
"gp10-655-07","24/10/2007 14:07","24/10/2007 15:59",68.9174,14.8365
"gp10-655-07","24/10/2007 15:58","24/10/2007 19:08",68.9155,14.8364
"gp10-655-07","25/10/2007 02:10","25/10/2007 04:47",68.9173,14.8269
"gp10-655-07","25/10/2007 17:30","25/10/2007 18:03",68.9174,14.837
"gp10-655-07","25/10/2007 18:04","25/10/2007 20:11",68.9159,14.8369
"gp10-655-07","26/10/2007 07:55","26/10/2007 09:06",68.9175,14.8362
"gp10-655-07","26/10/2007 15:47","26/10/2007 20:09",68.9175,14.8359
"gp10-655-07","27/10/2007 16:34","27/10/2007 21:02",68.9165,14.8346
"gp10-655-07","28/10/2007 08:03","28/10/2007 10:31",68.9178,14.8368
"gp10-655-07","28/10/2007 16:45","28/10/2007 21:54",68.9177,14.8381
"gp10-655-07","29/10/2007 07:38","29/10/2007 11:09",68.915,14.8341
"gp10-655-07","29/10/2007 16:30","29/10/2007 23:27",68.9149,14.8346
"gp10-655-07","30/10/2007 08:54","30/10/2007 11:28",68.9159,14.8386
"gp10-655-07","30/10/2007 19:26","30/10/2007 22:12",68.9175,14.8364
"gp10-655-07","31/10/2007 13:15","31/10/2007 15:37",68.9178,14.8366
"gp10-655-07","31/10/2007 19:09","01/11/2007 00:54",68.9172,14.8349
"gp10-655-07","01/11/2007 21:32","02/11/2007 02:09",68.9165,14.8399
"gp10-655-07","02/11/2007 21:35","03/11/2007 04:02",68.9192,14.8273
"gp10-655-07","03/11/2007 15:00","03/11/2007 16:00",68.9174,14.8372
"gp10-655-07","03/11/2007 15:59","03/11/2007 17:04",68.9175,14.8368
"gp10-655-07","03/11/2007 21:49","04/11/2007 03:22",68.9177,14.8367
"gp10-655-07","04/11/2007 03:23","04/11/2007 04:10",68.9169,14.8317
"gp10-655-07","04/11/2007 16:36","04/11/2007 17:27",68.9177,14.837
"gp10-655-07","05/11/2007 00:36","05/11/2007 03:55",68.9166,14.824
"gp10-655-07","06/11/2007 01:33","06/11/2007 03:16",68.9175,14.8368
"gp10-655-07","06/11/2007 16:26","06/11/2007 17:10",68.9174,14.8363
"gp10-655-07","06/11/2007 17:11","06/11/2007 17:49",68.9175,14.8366
"gp10-655-07","07/11/2007 01:07","07/11/2007 06:52",68.9176,14.8289
"gp10-655-07","07/11/2007 17:51","07/11/2007 19:31",68.9168,14.8368
"gp10-655-07","08/11/2007 01:02","08/11/2007 07:23",68.9176,14.8299
"gp10-655-07","30/11/2007 17:55","01/12/2007 03:52",68.9244,14.8397
"gp10-655-07","01/12/2007 19:25","02/12/2007 03:04",68.9185,14.8365
"gp10-655-07","02/12/2007 22:56","03/12/2007 03:59",68.9178,14.8365
"gp10-655-07","23/12/2007 15:50","23/12/2007 19:03",68.9278,14.8256
"gp10-683-07","30/08/2007 10:58","30/08/2007 12:44",69.0341,15.1114
"gp10-683-07","31/08/2007 19:16","31/08/2007 21:11",69.01,15.027
"gp10-683-07","01/09/2007 06:26","01/09/2007 16:23",69.0093,15.0254
"gp10-683-07","02/09/2007 09:23","02/09/2007 23:29",69.0243,15.0825
"gp10-683-07","03/09/2007 07:01","03/09/2007 07:24",69.0146,15.0555
"gp10-683-07","03/09/2007 07:25","03/09/2007 18:04",69.0148,15.056
"gp10-683-07","04/09/2007 08:33","04/09/2007 12:37",69.0149,15.0565
"gp10-683-07","04/09/2007 12:33","05/09/2007 03:03",69.0229,15.0945
"gp10-683-07","07/09/2007 04:16","07/09/2007 05:40",69.0163,15.062
"gp10-683-07","07/09/2007 05:39","07/09/2007 09:19",69.0165,15.0613
"gp10-683-07","07/09/2007 13:29","07/09/2007 17:27",69.0161,15.0569
"gp10-683-07","08/09/2007 03:44","08/09/2007 08:35",69.0146,15.0544
"gp10-683-07","08/09/2007 11:18","08/09/2007 20:21",69.0166,15.0648
"gp10-683-07","09/09/2007 16:43","09/09/2007 18:16",69.0145,15.0556
"gp10-683-07","10/09/2007 04:17","10/09/2007 08:33",69.0145,15.0557
"gp10-683-07","10/09/2007 13:45","10/09/2007 19:54",69.0151,15.0571
"gp10-683-07","11/09/2007 06:15","11/09/2007 07:18",69.0145,15.0566
"gp10-683-07","11/09/2007 07:45","11/09/2007 08:30",69.0148,15.0565
"gp10-683-07","12/09/2007 05:46","12/09/2007 12:55",69.0145,15.0564
"gp10-683-07","12/09/2007 17:36","13/09/2007 05:30",69.0129,15.0599
"gp10-683-07","13/09/2007 05:31","13/09/2007 10:08",69.0152,15.0548
"gp10-683-07","13/09/2007 16:58","14/09/2007 16:04",69.0203,15.0879
"gp10-683-07","14/09/2007 19:27","15/09/2007 07:45",69.0212,15.1106
"gp10-683-07","15/09/2007 08:44","15/09/2007 09:37",69.0146,15.0555
"gp10-683-07","15/09/2007 19:26","16/09/2007 06:56",69.0107,15.0509
"gp10-683-07","16/09/2007 06:57","16/09/2007 08:03",69.0151,15.055
"gp10-683-07","16/09/2007 19:35","16/09/2007 22:21",69.0148,15.0564
"gp10-683-07","17/09/2007 06:35","17/09/2007 09:12",69.0147,15.0565
"gp10-683-07","17/09/2007 09:11","17/09/2007 11:39",69.0152,15.0554
"gp10-683-07","18/09/2007 10:48","19/09/2007 10:42",69.0149,15.0579
"gp10-683-07","19/09/2007 10:42","19/09/2007 11:47",69.0164,15.0518
"gp10-683-07","20/09/2007 06:57","20/09/2007 10:16",69.0152,15.055
"gp10-683-07","20/09/2007 14:14","21/09/2007 07:56",69.0154,15.0557
"gp10-683-07","21/09/2007 10:37","22/09/2007 10:31",69.0145,15.0489
"gp10-683-07","23/09/2007 06:44","24/09/2007 06:38",69.0148,15.0525
"gp10-683-07","24/09/2007 06:36","24/09/2007 12:39",69.0146,15.0509
"gp10-683-07","24/09/2007 18:44","25/09/2007 18:38",69.0162,15.0527
"gp10-683-07","25/09/2007 18:40","25/09/2007 20:04",69.0148,15.0564
"gp10-683-07","26/09/2007 18:37","27/09/2007 05:22",69.0151,15.0561
"gp10-683-07","27/09/2007 05:22","27/09/2007 06:27",69.0147,15.0566
"gp10-683-07","27/09/2007 06:28","27/09/2007 07:54",69.0148,15.0596
"gp10-683-07","27/09/2007 07:55","27/09/2007 14:52",69.0145,15.0546
"gp10-683-07","27/09/2007 18:48","28/09/2007 18:42",69.0146,15.0566
"gp10-683-07","28/09/2007 18:44","29/09/2007 05:53",69.0156,15.0535
"gp10-683-07","29/09/2007 05:52","29/09/2007 09:17",69.0146,15.0568
"gp10-683-07","29/09/2007 20:22","30/09/2007 04:31",69.016,15.0527
"gp10-683-07","30/09/2007 04:30","30/09/2007 11:33",69.0156,15.055
"gp10-683-07","30/09/2007 18:51","30/09/2007 23:37",69.0146,15.0558
"gp10-683-07","01/10/2007 05:24","01/10/2007 15:15",69.0146,15.0556
"gp10-683-07","03/10/2007 11:15","04/10/2007 07:33",69.015,15.0562
"gp10-683-07","04/10/2007 07:27","05/10/2007 00:09",69.0159,15.0527
"gp10-683-07","05/10/2007 05:42","05/10/2007 15:39",69.0152,15.054
"gp10-683-07","05/10/2007 22:46","06/10/2007 11:40",69.0178,15.0531
"gp10-683-07","06/10/2007 11:41","06/10/2007 14:54",69.0147,15.0551
"gp10-683-07","07/10/2007 18:13","08/10/2007 03:34",69.015,15.0581
"gp10-683-07","08/10/2007 06:32","08/10/2007 08:57",69.0146,15.0555
"gp10-683-07","08/10/2007 18:53","09/10/2007 06:59",69.015,15.0573
"gp10-683-07","10/10/2007 08:35","11/10/2007 08:29",69.0208,15.0657
"gp10-683-07","11/10/2007 18:10","12/10/2007 18:04",69.0166,15.0522
"gp10-683-07","12/10/2007 18:04","12/10/2007 19:24",69.0151,15.0575
"gp10-683-07","12/10/2007 19:25","12/10/2007 19:40",69.015,15.0573
"gp10-683-07","12/10/2007 19:39","13/10/2007 17:21",69.0146,15.0546
"gp10-683-07","13/10/2007 17:53","14/10/2007 17:47",69.0168,15.0559
"gp10-683-07","14/10/2007 17:52","15/10/2007 06:22",69.0168,15.0541
"gp10-683-07","15/10/2007 06:24","15/10/2007 13:51",69.0157,15.0541
"gp10-683-07","15/10/2007 21:40","16/10/2007 04:31",69.0162,15.0581
"gp10-683-07","16/10/2007 09:30","16/10/2007 13:37",69.0157,15.0528
"gp10-683-07","17/10/2007 10:08","17/10/2007 11:08",69.0148,15.0572
"gp10-683-07","20/10/2007 18:04","21/10/2007 17:58",69.0155,15.0519
"gp10-683-07","21/10/2007 17:57","21/10/2007 22:54",69.0151,15.058
"gp10-683-07","22/10/2007 17:01","23/10/2007 16:55",69.0167,15.0539
"gp10-683-07","24/10/2007 16:58","25/10/2007 16:52",69.0166,15.0581
"gp10-683-07","25/10/2007 16:48","26/10/2007 16:30",69.0158,15.0607
"gp10-683-07","26/10/2007 17:15","27/10/2007 17:09",69.0178,15.058
"gp10-683-07","27/10/2007 17:14","28/10/2007 07:56",69.0164,15.0538
"gp10-683-07","28/10/2007 07:56","28/10/2007 16:05",69.0174,15.0591
"gp10-683-07","28/10/2007 16:05","28/10/2007 17:31",69.0161,15.0565
"gp10-683-07","28/10/2007 17:26","29/10/2007 06:56",69.0154,15.0483
"gp10-683-07","29/10/2007 06:57","29/10/2007 16:24",69.0167,15.0493
"gp10-683-07","29/10/2007 17:53","30/10/2007 17:47",69.0167,15.0497
"gp10-683-07","30/10/2007 19:08","31/10/2007 19:02",69.0159,15.0495
"gp10-683-07","31/10/2007 19:05","01/11/2007 08:35",69.0147,15.0523
"gp10-683-07","02/11/2007 15:49","03/11/2007 15:43",69.017,15.0493
"gp10-683-07","03/11/2007 15:45","03/11/2007 23:42",69.018,15.061
"gp10-683-07","03/11/2007 23:47","04/11/2007 17:29",69.0151,15.035
"gp10-683-07","04/11/2007 17:30","05/11/2007 01:27",69.0214,15.062
"gp10-683-07","05/11/2007 02:49","06/11/2007 02:43",69.0148,15.0327
"gp10-683-07","06/11/2007 04:00","07/11/2007 03:54",69.0165,15.0452
"gp10-683-07","07/11/2007 03:51","07/11/2007 17:21",69.0144,15.0344
"gp10-683-07","07/11/2007 17:22","07/11/2007 17:58",69.021,15.06
"gp10-683-07","07/11/2007 17:57","07/11/2007 19:37",69.0212,15.0604
"gp10-683-07","07/11/2007 19:34","08/11/2007 04:43",69.0123,15.04
"gp10-683-07","08/11/2007 04:43","08/11/2007 16:25",69.0095,15.026
"gp10-683-07","08/11/2007 16:26","08/11/2007 18:36",69.0213,15.0618
"gp10-683-07","08/11/2007 18:37","09/11/2007 03:46",69.0162,15.0568
"gp10-683-07","09/11/2007 03:50","09/11/2007 16:08",69.0154,15.0322
"gp10-683-07","09/11/2007 16:07","09/11/2007 20:32",69.0215,15.0608
"gp10-683-07","09/11/2007 20:33","10/11/2007 04:18",69.0182,15.0526
"gp10-683-07","10/11/2007 04:16","10/11/2007 17:22",69.0144,15.0333
"gp10-683-07","10/11/2007 17:21","10/11/2007 20:31",69.0209,15.0611
"gp10-683-07","11/11/2007 11:20","12/11/2007 11:14",69.0168,15.0567
"gp10-683-07","12/11/2007 11:13","12/11/2007 15:50",69.015,15.0341
"gp10-683-07","12/11/2007 15:53","13/11/2007 15:47",69.0135,15.045
"gp10-683-07","13/11/2007 17:47","14/11/2007 17:41",69.0168,15.0427
"gp10-683-07","15/11/2007 11:46","16/11/2007 11:40",69.0193,15.0558
"gp10-683-07","16/11/2007 11:40","16/11/2007 15:56",69.0163,15.0409
"gp10-683-07","16/11/2007 15:59","16/11/2007 23:44",69.0219,15.0635
"gp10-683-07","17/11/2007 22:24","18/11/2007 22:18",69.0061,15.0259
"gp10-683-07","18/11/2007 22:12","19/11/2007 15:42",69.0068,15.0278
"gp10-683-07","19/11/2007 15:43","19/11/2007 21:58",69.0236,15.0646
"gp10-683-07","24/11/2007 04:09","25/11/2007 04:03",69.019,15.0628
"gp10-683-07","25/11/2007 04:04","25/11/2007 15:58",69.0199,15.0579
"gp10-683-07","25/11/2007 17:35","26/11/2007 17:29",69.0202,15.0591
"gp10-683-07","26/11/2007 17:31","27/11/2007 15:49",69.0233,15.0695
"gp10-683-07","27/11/2007 15:48","28/11/2007 09:42",69.0227,15.0631
"gp10-683-07","28/11/2007 09:40","28/11/2007 18:25",69.0217,15.0562
"gp10-683-07","28/11/2007 18:26","28/11/2007 18:52",69.0204,15.0583
"gp10-683-07","28/11/2007 18:54","29/11/2007 12:36",69.0138,15.0549
"gp10-683-07","29/11/2007 12:36","29/11/2007 17:22",69.0163,15.0483
"gp10-683-07","29/11/2007 19:06","30/11/2007 19:00",69.0149,15.0487
"gp10-683-07","30/11/2007 18:58","01/12/2007 10:52",69.0213,15.0594
"gp10-683-07","01/12/2007 22:45","02/12/2007 22:39",69.0148,15.0375
"gp10-683-07","02/12/2007 22:36","03/12/2007 16:06",69.0242,15.0669
"gp10-683-07","03/12/2007 16:05","03/12/2007 22:50",69.0217,15.0631
"gp10-683-07","03/12/2007 22:50","03/12/2007 23:44",69.0212,15.0594
"gp10-683-07","03/12/2007 23:45","04/12/2007 00:30",69.0211,15.0599
"gp10-683-07","04/12/2007 00:35","04/12/2007 12:17",69.0251,15.0688
"gp10-683-07","04/12/2007 12:16","04/12/2007 16:50",69.021,15.06
"gp10-683-07","04/12/2007 16:48","05/12/2007 00:09",69.0219,15.062
"gp10-683-07","05/12/2007 16:20","06/12/2007 16:14",69.021,15.0598
"gp10-683-07","07/12/2007 03:02","08/12/2007 02:56",69.0185,15.0486
"gp10-683-07","08/12/2007 02:56","08/12/2007 15:14",69.0221,15.0624
"gp10-683-07","08/12/2007 15:09","09/12/2007 03:03",69.0222,15.0618
"gp10-683-07","09/12/2007 02:57","09/12/2007 15:39",69.0215,15.055
"gp10-683-07","09/12/2007 15:35","10/12/2007 05:17",69.0209,15.0592
"gp10-683-07","10/12/2007 05:18","10/12/2007 05:42",69.0212,15.0597
"gp10-683-07","10/12/2007 05:44","10/12/2007 15:41",69.0217,15.0619
"gp10-683-07","10/12/2007 15:37","11/12/2007 15:19",69.0164,15.0502
"gp10-683-07","13/12/2007 19:07","14/12/2007 19:01",69.0274,15.076
"gp10-683-07","14/12/2007 19:57","15/12/2007 19:51",69.0275,15.077
"gp10-683-07","15/12/2007 21:50","16/12/2007 21:44",69.028,15.0938
"gp10-683-07","16/12/2007 21:40","17/12/2007 21:10",69.0281,15.0836
"gp10-683-07","17/12/2007 21:12","18/12/2007 14:54",69.0267,15.0739
"gp10-683-07","18/12/2007 14:51","18/12/2007 22:30",69.0221,15.0598
"gp10-683-07","19/12/2007 14:34","20/12/2007 14:28",69.015,15.0548
"gp10-683-07","20/12/2007 14:28","21/12/2007 01:46",69.0184,15.0538
"gp10-683-07","21/12/2007 01:45","21/12/2007 14:27",69.0262,15.0758
"gp10-683-07","21/12/2007 14:26","22/12/2007 01:44",69.0145,15.0338
"gp10-683-07","22/12/2007 01:42","22/12/2007 15:12",69.0218,15.0561
"gp10-683-07","22/12/2007 15:07","23/12/2007 02:37",69.0147,15.0327
"gp10-683-07","23/12/2007 02:35","23/12/2007 15:41",69.0268,15.0739
"gp10-683-07","24/12/2007 05:21","25/12/2007 05:15",69.0166,15.0534
"gp10-683-07","25/12/2007 05:15","25/12/2007 17:45",69.0229,15.0687
"gp10-683-07","25/12/2007 17:43","26/12/2007 16:25",69.0186,15.0574
"gp10-683-07","26/12/2007 16:26","26/12/2007 17:43",69.0213,15.0606
"gp10-683-07","26/12/2007 17:38","27/12/2007 06:20",69.0152,15.0424
"gp10-683-07","27/12/2007 06:20","27/12/2007 19:26",69.0149,15.0337
"gp10-683-07","27/12/2007 19:26","27/12/2007 20:46",69.0215,15.0607
"gp10-683-07","27/12/2007 20:47","27/12/2007 21:17",69.0214,15.0611
"gp10-683-07","27/12/2007 21:22","28/12/2007 08:40",69.0145,15.0532
"gp10-683-07","28/12/2007 08:44","29/12/2007 08:14",69.022,15.0643
"gp10-683-07","29/12/2007 08:14","29/12/2007 10:03",69.0214,15.0605
"gp10-683-07","29/12/2007 10:03","29/12/2007 10:51",69.0211,15.0589
"gp10-683-07","29/12/2007 10:54","29/12/2007 18:57",69.0224,15.0602
"gp10-683-07","29/12/2007 19:01","30/12/2007 06:43",69.0216,15.0602
"gp10-683-07","30/12/2007 06:44","30/12/2007 09:00",69.021,15.0606
"gp10-683-07","30/12/2007 09:00","30/12/2007 17:51",69.0224,15.0636
"gp10-683-07","30/12/2007 17:52","31/12/2007 17:34",69.0209,15.0572
"gp10-683-07","31/12/2007 17:36","31/12/2007 18:54",69.0213,15.0601
"gp10-683-07","31/12/2007 18:54","31/12/2007 19:12",69.0211,15.0598
"gp10-683-07","31/12/2007 19:12","01/01/2008 02:51",69.021,15.0565
"gp10-683-07","01/01/2008 02:54","01/01/2008 23:36",69.0148,15.0333
"gp10-683-07","02/01/2008 05:10","03/01/2008 02:40",69.0162,15.0469
"gp10-683-07","03/01/2008 02:38","03/01/2008 12:11",69.0216,15.0618
"gp10-683-07","03/01/2008 12:13","03/01/2008 19:16",69.0135,15.0501
"gp10-683-07","03/01/2008 19:17","03/01/2008 22:45",69.0162,15.0543
"gp10-683-07","04/01/2008 02:01","05/01/2008 01:55",69.0149,15.0339
"gp10-683-07","05/01/2008 02:19","06/01/2008 02:13",69.0147,15.0317
"gp10-683-07","06/01/2008 02:19","06/01/2008 16:25",69.0221,15.0622
"gp10-683-07","06/01/2008 16:27","06/01/2008 22:30",69.022,15.0642
"gp10-683-07","07/01/2008 15:36","08/01/2008 04:54",69.0233,15.0746
"gp10-683-07","08/01/2008 04:54","08/01/2008 07:55",69.0206,15.0574
"gp10-683-07","08/01/2008 07:55","08/01/2008 14:58",69.0214,15.0573
"gp10-683-07","08/01/2008 15:46","09/01/2008 15:40",69.0211,15.058
"gp10-683-07","09/01/2008 15:37","10/01/2008 06:19",69.0209,15.0541
"gp10-683-07","10/01/2008 06:21","11/01/2008 05:51",69.0208,15.056
"gp10-683-07","11/01/2008 05:50","11/01/2008 18:20",69.0209,15.0617
"gp10-683-07","11/01/2008 18:20","12/01/2008 05:23",69.0221,15.0634
"gp10-683-07","12/01/2008 05:25","12/01/2008 20:31",69.0211,15.0574
"gp10-683-07","12/01/2008 20:32","12/01/2008 22:15",69.021,15.0583
"gp10-683-07","12/01/2008 22:12","13/01/2008 05:45",69.022,15.0577
"gp10-683-07","13/01/2008 08:40","14/01/2008 08:34",69.0208,15.0556
"gp10-683-07","14/01/2008 08:38","15/01/2008 06:44",69.0214,15.0565
"gp10-683-07","15/01/2008 06:42","15/01/2008 22:48",69.0265,15.0723
"gp10-683-07","16/01/2008 09:16","17/01/2008 09:10",69.0156,15.0553
"gp10-683-07","17/01/2008 09:10","18/01/2008 01:28",69.0177,15.0521
"gp10-683-07","18/01/2008 01:30","18/01/2008 03:58",69.018,15.0661
"gp10-683-07","18/01/2008 03:59","18/01/2008 09:26",69.015,15.0542
"gp10-683-07","18/01/2008 09:27","18/01/2008 23:33",69.0219,15.0602
"gp10-683-07","18/01/2008 23:32","19/01/2008 13:50",69.0212,15.0593
"gp10-683-07","19/01/2008 13:51","20/01/2008 02:09",69.0158,15.0403
"gp10-683-07","20/01/2008 02:43","21/01/2008 02:37",69.0209,15.0605
"gp10-683-07","21/01/2008 02:37","21/01/2008 18:07",69.0211,15.0598
"gp10-683-07","21/01/2008 18:08","21/01/2008 19:29",69.0191,15.057
"gp10-683-07","21/01/2008 19:32","22/01/2008 01:05",69.0152,15.0338
"gp10-683-07","22/01/2008 04:22","23/01/2008 04:16",69.0149,15.033
"gp10-683-07","24/01/2008 07:30","25/01/2008 07:24",69.017,15.0559
"gp10-683-07","25/01/2008 07:22","25/01/2008 19:52",69.015,15.0555
"gp10-683-07","25/01/2008 20:57","26/01/2008 20:51",69.0211,15.0594
"gp10-683-07","26/01/2008 20:54","27/01/2008 02:39",69.0221,15.0634
"gp10-683-07","27/01/2008 08:14","27/01/2008 20:56",69.0149,15.0343
"gp10-683-07","29/01/2008 23:51","30/01/2008 23:45",69.0153,15.0584
"gp10-683-07","30/01/2008 23:46","31/01/2008 00:42",69.0211,15.0602
"gp10-683-07","31/01/2008 00:42","31/01/2008 08:57",69.0174,15.0476
"gp10-683-07","31/01/2008 23:47","01/02/2008 23:41",69.0211,15.0598
"gp10-683-07","01/02/2008 23:42","02/02/2008 08:21",69.0193,15.0578
"gp10-683-07","03/02/2008 00:25","04/02/2008 00:19",69.0213,15.0611
"gp10-683-07","04/02/2008 03:12","05/02/2008 03:06",69.0211,15.0584
"gp10-683-07","05/02/2008 03:07","05/02/2008 06:08",69.0204,15.0551
"gp10-683-07","05/02/2008 06:06","05/02/2008 19:48",69.0181,15.0463
"gp10-683-07","05/02/2008 19:51","06/02/2008 03:18",69.0221,15.0611
"gp10-683-07","06/02/2008 03:17","06/02/2008 19:47",69.0202,15.0554
"gp10-683-07","06/02/2008 19:48","07/02/2008 03:27",69.0173,15.0489
"gp10-683-07","07/02/2008 03:29","07/02/2008 08:06",69.022,15.0585
"gp10-683-07","07/02/2008 08:07","07/02/2008 18:28",69.0201,15.0605
"gp10-683-07","07/02/2008 18:24","08/02/2008 07:06",69.0206,15.0542
"gp10-683-07","08/02/2008 07:07","08/02/2008 07:43",69.0209,15.0605
"gp10-683-07","08/02/2008 07:42","08/02/2008 08:32",69.021,15.0611
"gp10-683-07","08/02/2008 08:32","09/02/2008 05:38",69.0101,15.0473
"gp10-683-07","09/02/2008 05:40","09/02/2008 21:34",69.0146,15.0375
"gp10-683-07","09/02/2008 21:34","10/02/2008 06:43",69.0216,15.0588
"gp10-683-07","14/02/2008 00:30","15/02/2008 00:24",69.0029,15.0608
"gp10-683-07","15/02/2008 00:25","15/02/2008 01:18",69.0201,15.06
"gp10-683-07","15/02/2008 01:17","15/02/2008 07:14",69.0158,15.0584
"gp10-683-07","17/02/2008 04:39","18/02/2008 04:33",69.0098,15.0505
"gp10-683-07","18/02/2008 07:55","19/02/2008 07:49",69.0048,15.0761
"gp10-683-07","19/02/2008 07:51","19/02/2008 14:30",69.0126,15.0539
"gp10-683-07","19/02/2008 14:34","20/02/2008 02:28",69.0208,15.0649
"gp10-683-07","20/02/2008 02:28","20/02/2008 22:22",69.0161,15.0529
"gp10-683-07","20/02/2008 22:22","21/02/2008 02:41",69.021,15.0599
"gp10-683-07","21/02/2008 04:38","22/02/2008 04:32",69.0076,15.0279
"gp10-683-07","22/02/2008 07:05","23/02/2008 06:59",69.0103,15.0633
"gp10-683-07","23/02/2008 06:59","23/02/2008 08:51",69.0206,15.061
"gp10-683-07","23/02/2008 08:55","24/02/2008 05:49",69.0108,15.0555
"gp10-683-07","24/02/2008 05:45","24/02/2008 18:39",69.0214,15.0613
"gp10-683-07","24/02/2008 18:44","25/02/2008 06:02",69.014,15.0648
"gp10-683-07","25/02/2008 05:58","26/02/2008 04:52",69.0047,15.0591
"gp10-683-07","26/02/2008 04:58","26/02/2008 19:40",69.0212,15.0597
"gp10-683-07","26/02/2008 19:41","27/02/2008 06:32",69.0014,15.0584
"gp10-683-07","27/02/2008 06:27","28/02/2008 06:21",69.0021,15.0542
"gp10-683-07","28/02/2008 07:51","29/02/2008 07:45",69.0065,15.078
"gp10-683-07","29/02/2008 07:47","01/03/2008 00:29",69.0211,15.0603
"gp10-683-07","01/03/2008 00:27","01/03/2008 06:18",69.0127,15.0437
"gp10-683-07","01/03/2008 06:20","01/03/2008 09:03",69.0212,15.0591
"gp10-683-07","01/03/2008 08:59","02/03/2008 07:17",69.0161,15.0647
"gp10-683-07","02/03/2008 07:11","03/03/2008 06:41",69.0016,15.0327
"gp10-683-07","03/03/2008 06:39","03/03/2008 13:36",69.0211,15.0599
"gp10-683-07","05/03/2008 05:35","06/03/2008 05:29",68.9949,14.9982
"gp10-683-07","06/03/2008 05:30","06/03/2008 16:03",69.0211,15.0594
"gp10-683-07","06/03/2008 16:04","07/03/2008 09:58",68.9974,15.0198
"gp10-683-07","07/03/2008 10:01","07/03/2008 15:40",69.0211,15.0593
"gp10-683-07","07/03/2008 15:44","08/03/2008 07:50",68.9984,15.0059
"gp10-683-07","08/03/2008 20:11","09/03/2008 20:05",68.9983,15.0073
"gp10-683-07","09/03/2008 20:05","09/03/2008 21:28",69.0211,15.0608
"gp10-683-07","09/03/2008 21:32","10/03/2008 20:50",68.9936,14.9984
"gp10-683-07","10/03/2008 20:49","11/03/2008 07:58",69.0027,15.0241
"gp10-683-07","11/03/2008 07:57","11/03/2008 17:48",69.02,15.0604
"gp10-683-07","11/03/2008 22:16","12/03/2008 22:10",69.0104,15.0481
"gp10-683-07","12/03/2008 22:10","13/03/2008 08:01",68.9967,14.9983
"gp10-641-07","30/08/2007 08:18","30/08/2007 09:30",69.0183,15.0436
"gp10-641-07","31/08/2007 04:25","31/08/2007 06:02",69.0208,15.0612
"gp10-641-07","31/08/2007 07:13","31/08/2007 08:16",69.0148,15.0573
"gp10-641-07","31/08/2007 16:36","31/08/2007 17:47",69.0208,15.0617
"gp10-641-07","02/09/2007 06:17","02/09/2007 11:56",69.0147,15.0567
"gp10-641-07","03/09/2007 07:45","03/09/2007 11:10",69.021,15.0619
"gp10-641-07","04/09/2007 08:48","04/09/2007 12:31",69.0144,15.0507
"gp10-641-07","07/09/2007 12:29","07/09/2007 18:14",69.0218,15.0558
"gp10-641-07","08/09/2007 04:47","08/09/2007 07:42",69.0211,15.061
"gp10-641-07","08/09/2007 12:47","08/09/2007 19:38",69.0147,15.0319
"gp10-641-07","09/09/2007 05:58","09/09/2007 07:50",69.0203,15.0587
"gp10-641-07","09/09/2007 15:55","09/09/2007 19:32",69.0201,15.0595
"gp10-641-07","10/09/2007 04:25","10/09/2007 04:51",69.0207,15.0603
"gp10-641-07","10/09/2007 07:23","10/09/2007 08:32",69.021,15.0601
"gp10-641-07","10/09/2007 08:33","10/09/2007 09:06",69.021,15.0634
"gp10-641-07","10/09/2007 14:20","10/09/2007 16:45",69.0199,15.0576
"gp10-641-07","11/09/2007 05:20","11/09/2007 08:09",69.0211,15.0608
"gp10-641-07","11/09/2007 08:24","11/09/2007 09:17",69.021,15.0609
"gp10-641-07","12/09/2007 06:27","12/09/2007 07:56",69.0212,15.0625
"gp10-641-07","13/09/2007 15:42","13/09/2007 20:57",69.0219,15.062
"gp10-641-07","15/09/2007 05:16","15/09/2007 05:52",69.0208,15.0602
"gp10-641-07","15/09/2007 05:59","15/09/2007 10:33",69.0211,15.0612
"gp10-641-07","16/09/2007 05:48","16/09/2007 10:45",69.0209,15.0544
"gp10-641-07","16/09/2007 20:09","16/09/2007 22:22",69.0208,15.0606
"gp10-641-07","16/09/2007 22:23","16/09/2007 23:34",69.0206,15.0592
"gp10-641-07","17/09/2007 05:55","17/09/2007 08:50",69.0211,15.0614
"gp10-641-07","17/09/2007 08:59","17/09/2007 11:09",69.0201,15.0545
"gp10-641-07","17/09/2007 19:39","17/09/2007 22:31",69.0206,15.0595
"gp10-641-07","18/09/2007 10:11","18/09/2007 10:46",69.0207,15.058
"gp10-641-07","19/09/2007 06:16","19/09/2007 09:41",69.0208,15.0608
"gp10-641-07","19/09/2007 09:40","19/09/2007 12:44",69.0212,15.0614
"gp10-641-07","19/09/2007 20:29","20/09/2007 01:32",69.019,15.0525
"gp10-641-07","20/09/2007 07:06","20/09/2007 13:57",69.0209,15.0595
"gp10-641-07","21/09/2007 09:27","21/09/2007 14:42",69.0183,15.0509
"gp10-641-07","23/09/2007 14:09","23/09/2007 17:46",69.0214,15.0619
"gp10-641-07","24/09/2007 04:53","24/09/2007 06:42",69.0206,15.0601
"gp10-641-07","24/09/2007 06:41","24/09/2007 07:04",69.0207,15.0606
"gp10-641-07","24/09/2007 12:54","24/09/2007 19:21",69.0211,15.0589
"gp10-641-07","25/09/2007 14:20","25/09/2007 15:02",69.0234,15.0649
"gp10-641-07","25/09/2007 15:01","25/09/2007 18:53",69.0236,15.0658
"gp10-641-07","27/09/2007 05:14","27/09/2007 08:21",69.0211,15.0604
"gp10-641-07","27/09/2007 08:22","27/09/2007 09:16",69.0212,15.0582
"gp10-641-07","27/09/2007 15:16","27/09/2007 21:01",69.0206,15.0556
"gp10-641-07","28/09/2007 07:36","28/09/2007 08:41",69.0219,15.0615
"gp10-641-07","29/09/2007 04:44","29/09/2007 07:54",69.0213,15.0615
"gp10-641-07","29/09/2007 08:04","29/09/2007 09:24",69.0213,15.061
"gp10-641-07","29/09/2007 18:58","29/09/2007 19:18",69.0211,15.0621
"gp10-641-07","29/09/2007 19:28","29/09/2007 20:43",69.0222,15.0612
"gp10-641-07","30/09/2007 04:50","30/09/2007 06:30",69.0217,15.0636
"gp10-641-07","30/09/2007 06:34","30/09/2007 09:56",69.0213,15.06
"gp10-641-07","30/09/2007 21:34","30/09/2007 22:04",69.0209,15.0631
"gp10-641-07","30/09/2007 22:06","30/09/2007 23:08",69.0212,15.0627
"gp10-641-07","01/10/2007 06:43","01/10/2007 11:52",69.0209,15.0574
"gp10-641-07","02/10/2007 07:56","02/10/2007 11:36",69.0212,15.0617
"gp10-641-07","03/10/2007 09:36","03/10/2007 10:14",69.0207,15.0601
"gp10-641-07","03/10/2007 10:15","03/10/2007 10:44",69.0209,15.0611
"gp10-641-07","03/10/2007 21:43","04/10/2007 01:59",69.0211,15.0601
"gp10-641-07","04/10/2007 07:57","04/10/2007 15:30",69.0212,15.0602
"gp10-641-07","04/10/2007 20:43","05/10/2007 05:58",69.021,15.0569
"gp10-641-07","05/10/2007 09:47","05/10/2007 17:56",69.021,15.0595
"gp10-641-07","05/10/2007 22:36","06/10/2007 04:57",69.0182,15.0479
"gp10-641-07","07/10/2007 14:07","07/10/2007 16:47",69.0174,15.0572
"gp10-641-07","09/10/2007 07:15","09/10/2007 07:56",69.0214,15.0615
"gp10-641-07","11/10/2007 06:47","11/10/2007 07:14",69.0174,15.0765
"gp10-641-07","11/10/2007 19:36","11/10/2007 20:36",69.0202,15.0615
"gp10-641-07","12/10/2007 18:44","12/10/2007 21:42",69.0187,15.0629
"gp10-641-07","13/10/2007 07:07","13/10/2007 07:33",69.0212,15.0617
"gp10-641-07","13/10/2007 07:45","13/10/2007 08:35",69.0213,15.0624
"gp10-641-07","14/10/2007 06:49","14/10/2007 09:32",69.0209,15.0608
"gp10-641-07","26/10/2007 07:13","26/10/2007 07:37",68.9165,14.8351
"gp10-641-07","03/11/2007 22:37","03/11/2007 23:00",68.9175,14.8364
"gp10-641-07","03/11/2007 23:09","04/11/2007 03:13",68.9149,14.8339
"gp10-641-07","06/11/2007 02:02","06/11/2007 03:07",68.9176,14.8363
"gp10-641-07","06/11/2007 04:12","06/11/2007 05:35",68.9147,14.8338
"gp10-641-07","07/11/2007 01:44","07/11/2007 06:53",68.9144,14.8341
"gp10-641-07","08/11/2007 03:18","08/11/2007 07:07",68.9145,14.8339
"gp10-641-07","09/11/2007 02:47","09/11/2007 08:50",68.9173,14.8363
"gp10-641-07","10/11/2007 03:05","10/11/2007 08:14",68.9145,14.8338
"gp10-641-07","10/11/2007 16:30","10/11/2007 20:46",68.9163,14.824
"gp10-641-07","11/11/2007 04:06","11/11/2007 08:49",68.9139,14.833
"gp10-641-07","12/11/2007 03:39","12/11/2007 10:30",68.9182,14.8266
"gp10-641-07","12/11/2007 21:27","12/11/2007 22:59",68.9182,14.835
"gp10-641-07","13/11/2007 03:48","13/11/2007 10:45",68.9203,14.8301
"gp10-641-07","14/11/2007 04:36","14/11/2007 09:16",68.9173,14.8357
"gp10-641-07","16/11/2007 19:22","17/11/2007 01:49",68.9173,14.8371
"gp10-641-07","17/11/2007 10:08","17/11/2007 10:34",68.9169,14.8373
"gp10-641-07","17/11/2007 10:35","17/11/2007 11:19",68.917,14.8373
"gp10-641-07","18/11/2007 10:16","18/11/2007 12:11",68.9177,14.8372
"gp10-641-07","19/11/2007 01:54","19/11/2007 03:18",68.9141,14.8392
"gp10-641-07","19/11/2007 09:15","19/11/2007 16:00",68.9163,14.8418
"gp10-641-07","19/11/2007 21:41","20/11/2007 02:03",68.9176,14.8373
"gp10-641-07","21/11/2007 12:43","21/11/2007 14:13",68.9172,14.8377
"gp10-641-07","24/11/2007 06:10","24/11/2007 07:53",68.9155,14.8351
"gp10-641-07","25/11/2007 03:28","25/11/2007 06:41",68.9174,14.8353
"gp10-641-07","26/11/2007 09:03","26/11/2007 10:32",68.9168,14.8363
"gp10-641-07","27/11/2007 04:39","27/11/2007 11:00",68.9171,14.8353
"gp10-641-07","27/11/2007 17:20","27/11/2007 23:23",68.9178,14.8377
"gp10-641-07","28/11/2007 09:29","28/11/2007 09:56",68.9173,14.8366
"gp10-641-07","29/11/2007 07:13","29/11/2007 12:22",68.9154,14.8386
"gp10-641-07","29/11/2007 20:50","29/11/2007 23:30",68.9174,14.8365
"gp10-641-07","29/11/2007 23:31","30/11/2007 01:44",68.9171,14.8353
"gp10-641-07","30/11/2007 05:30","30/11/2007 09:43",68.9176,14.837
"gp10-641-07","30/11/2007 09:42","30/11/2007 12:46",68.9176,14.8361
"gp10-641-07","30/11/2007 21:11","01/12/2007 02:56",68.9146,14.8335
"gp10-641-07","01/12/2007 08:22","01/12/2007 14:31",68.9202,14.8302
"gp10-641-07","02/12/2007 20:51","03/12/2007 04:54",68.9196,14.8323
"gp10-641-07","03/12/2007 23:36","04/12/2007 05:27",68.9207,14.8332
"gp10-641-07","04/12/2007 22:22","05/12/2007 06:19",68.9174,14.8359
"gp10-641-07","06/12/2007 01:12","06/12/2007 06:09",68.9143,14.8469
"gp10-641-07","08/12/2007 03:43","08/12/2007 07:41",68.9159,14.8368
"gp10-641-07","08/12/2007 07:47","08/12/2007 08:16",68.9175,14.8381
"gp10-641-07","09/12/2007 02:11","09/12/2007 08:02",68.9174,14.8357
"gp10-641-07","09/12/2007 18:15","09/12/2007 20:07",68.9153,14.8363
"gp10-641-07","10/12/2007 15:19","10/12/2007 21:28",68.9107,14.842
"gp10-641-07","11/12/2007 15:15","11/12/2007 23:06",68.9169,14.8413
"gp10-641-07","14/12/2007 20:06","14/12/2007 23:07",68.917,14.8402
"gp10-641-07","16/12/2007 20:50","17/12/2007 01:18",68.916,14.848
"gp10-641-07","17/12/2007 20:27","18/12/2007 03:30",68.9176,14.8381
"gp10-641-07","18/12/2007 11:16","18/12/2007 14:38",68.9162,14.8353
"gp10-641-07","20/12/2007 11:22","20/12/2007 16:43",68.9187,14.7953
"gp10-641-07","21/12/2007 03:51","21/12/2007 04:33",68.9182,14.7978
"gp10-641-07","21/12/2007 12:20","21/12/2007 18:23",68.9179,14.7997
"gp10-641-07","22/12/2007 03:54","22/12/2007 06:46",68.9175,14.8021
"gp10-641-07","23/12/2007 02:35","23/12/2007 07:44",68.9167,14.8062
"gp10-641-07","25/12/2007 04:12","25/12/2007 08:58",68.9152,14.8148
"gp10-641-07","25/12/2007 17:23","25/12/2007 20:12",68.9148,14.8169
"gp10-641-07","26/12/2007 04:56","26/12/2007 08:42",68.9144,14.819
"gp10-641-07","26/12/2007 18:09","26/12/2007 22:19",68.914,14.8213
"gp10-641-07","29/12/2007 09:41","29/12/2007 10:58",68.912,14.832
"gp10-641-07","29/12/2007 19:03","30/12/2007 01:42",68.9117,14.8341
"gp10-641-07","30/12/2007 09:34","30/12/2007 12:56",68.9113,14.8363
"gp10-641-07","31/12/2007 00:28","31/12/2007 02:44",68.9161,14.8406
"gp10-641-07","31/12/2007 08:44","31/12/2007 14:47",68.9193,14.8225
"gp10-641-07","01/01/2008 12:08","01/01/2008 13:57",68.9168,14.8403
"gp10-641-07","03/01/2008 09:10","03/01/2008 19:19",68.9163,14.8219
"gp10-641-07","04/01/2008 10:34","04/01/2008 18:25",68.9164,14.8161
"gp10-641-07","17/01/2008 09:26","17/01/2008 09:56",68.9173,14.8386
"gp10-641-07","18/01/2008 01:45","18/01/2008 04:04",68.9189,14.8319
"gp10-641-07","18/01/2008 10:37","18/01/2008 16:22",68.918,14.838
"gp10-641-07","19/01/2008 16:00","19/01/2008 16:45",68.9174,14.8369
"gp10-641-07","19/01/2008 16:45","19/01/2008 17:30",68.9177,14.835
"gp10-641-07","20/01/2008 02:02","20/01/2008 06:30",68.9172,14.835
"gp10-641-07","21/01/2008 04:04","21/01/2008 07:41",68.9192,14.8249
"gp10-641-07","21/01/2008 19:03","21/01/2008 20:17",68.9173,14.8374
"gp10-641-07","22/01/2008 03:03","22/01/2008 08:54",68.9167,14.8441
"gp10-641-07","23/01/2008 03:36","23/01/2008 09:09",68.9167,14.8422
"gp10-641-07","25/01/2008 18:59","25/01/2008 19:47",68.9143,14.8072
"gp10-641-07","25/01/2008 21:59","25/01/2008 22:26",68.9143,14.8075
"gp10-641-07","26/01/2008 08:17","26/01/2008 09:50",68.9143,14.8087
"gp10-641-07","27/01/2008 08:29","27/01/2008 10:27",68.9144,14.8113
"gp10-641-07","30/01/2008 07:52","30/01/2008 08:15",68.9146,14.8189
"gp10-641-07","30/01/2008 10:50","30/01/2008 11:38",68.9147,14.8192
"gp10-641-07","31/01/2008 09:15","31/01/2008 14:12",68.9147,14.8218
"gp10-641-07","02/02/2008 01:41","02/02/2008 04:30",68.9149,14.8261
"gp10-641-07","02/02/2008 08:26","02/02/2008 09:59",68.9149,14.8267
"gp10-641-07","04/02/2008 02:08","04/02/2008 07:11",68.9151,14.8314
"gp10-641-07","04/02/2008 14:46","04/02/2008 19:43",68.9151,14.8327
"gp10-641-07","05/02/2008 02:46","05/02/2008 07:08",68.9151,14.834
"gp10-641-07","05/02/2008 14:25","05/02/2008 20:16",68.9152,14.8353
"gp10-641-07","06/02/2008 03:39","06/02/2008 07:04",68.9152,14.8366
"gp10-641-07","06/02/2008 15:12","06/02/2008 20:27",68.9153,14.8379
"gp10-641-07","09/02/2008 04:52","09/02/2008 05:45",68.9155,14.8443
"gp10-641-07","09/02/2008 05:45","09/02/2008 09:31",68.9155,14.8445
"gp10-641-07","13/02/2008 08:09","13/02/2008 08:45",68.9163,14.8515
"gp10-641-07","15/02/2008 03:06","15/02/2008 03:41",68.9174,14.8368
"gp10-641-07","15/02/2008 05:56","15/02/2008 10:33",68.9175,14.8363
"gp10-641-07","19/02/2008 04:49","19/02/2008 07:05",68.9186,14.8279
"gp10-641-07","19/02/2008 07:38","19/02/2008 07:49",68.9186,14.8277
"gp10-641-07","19/02/2008 08:01","19/02/2008 08:19",68.9186,14.8277
"gp10-641-07","19/02/2008 18:57","19/02/2008 20:24",68.9187,14.8266
"gp10-641-07","20/02/2008 02:38","20/02/2008 08:17",68.9189,14.8257
"gp10-641-07","20/02/2008 18:47","20/02/2008 21:12",68.919,14.8244
"gp10-641-07","21/02/2008 04:19","21/02/2008 08:56",68.9192,14.8234
"gp10-641-07","23/02/2008 05:14","23/02/2008 09:03",68.9197,14.8191
"gp10-641-07","24/02/2008 06:17","24/02/2008 09:36",68.92,14.8168
"gp10-641-07","25/02/2008 07:44","25/02/2008 10:09",68.9203,14.8146
"gp10-641-07","26/02/2008 06:32","26/02/2008 11:47",68.9206,14.8124
"gp10-641-07","26/02/2008 20:16","27/02/2008 00:17",68.9208,14.8112
"gp10-641-07","27/02/2008 06:23","27/02/2008 10:00",68.9209,14.8103
"gp10-641-07","27/02/2008 10:16","27/02/2008 11:34",68.9209,14.81
"gp10-641-07","27/02/2008 20:57","28/02/2008 00:52",68.921,14.8089
"gp10-641-07","28/02/2008 06:26","28/02/2008 09:36",68.9212,14.8081
"gp10-641-07","28/02/2008 09:45","28/02/2008 11:34",68.9212,14.8079
"gp10-641-07","29/02/2008 11:59","29/02/2008 12:16",68.9215,14.8056
"gp10-641-07","29/02/2008 12:19","29/02/2008 12:57",68.9215,14.8055
"gp10-641-07","01/03/2008 11:36","01/03/2008 14:49",68.9218,14.8033
"gp10-641-07","05/03/2008 14:38","05/03/2008 18:27",68.9177,14.8442
"gp10-641-07","06/03/2008 15:19","06/03/2008 19:44",68.9179,14.8323
"gp10-641-07","07/03/2008 06:39","07/03/2008 07:47",68.9176,14.8384
"gp10-641-07","07/03/2008 08:34","07/03/2008 08:55",68.9198,14.8489
"gp10-641-07","07/03/2008 20:39","07/03/2008 20:53",68.9175,14.8366
"gp10-641-07","08/03/2008 06:12","08/03/2008 08:37",68.9166,14.8407
"gp10-641-07","09/03/2008 08:04","09/03/2008 08:54",68.9175,14.8383
"gp10-641-07","10/03/2008 07:46","10/03/2008 08:39",68.9177,14.8371
"gp10-641-07","10/03/2008 08:40","10/03/2008 10:35",68.9176,14.8378
"gp10-641-07","10/03/2008 19:31","10/03/2008 23:02",68.9171,14.8361
"gp10-641-07","11/03/2008 06:11","11/03/2008 10:21",68.9172,14.8396
"gp10-684-07","30/08/2007 18:49","30/08/2007 20:00",69.017,15.1102
"gp10-684-07","01/09/2007 05:19","01/09/2007 10:58",69.176,15.775
"gp10-684-07","01/09/2007 20:01","01/09/2007 21:15",69.176,15.7736
"gp10-684-07","04/09/2007 08:26","04/09/2007 12:54",69.0216,15.0586
"gp10-684-07","04/09/2007 16:37","04/09/2007 22:34",69.0208,15.0614
"gp10-684-07","06/09/2007 12:13","06/09/2007 16:17",69.0214,15.0611
"gp10-684-07","06/09/2007 17:13","06/09/2007 18:42",69.0216,15.0581
"gp10-684-07","07/09/2007 14:10","07/09/2007 17:23",69.0215,15.0632
"gp10-684-07","07/09/2007 17:23","07/09/2007 18:37",69.0216,15.0676
"gp10-684-07","07/09/2007 18:45","07/09/2007 20:02",69.0217,15.0794
"gp10-684-07","08/09/2007 10:22","08/09/2007 15:02",69.0227,15.0719
"gp10-684-07","08/09/2007 15:16","08/09/2007 18:14",69.0213,15.0627
"gp10-684-07","09/09/2007 12:45","09/09/2007 17:04",69.021,15.0592
"gp10-684-07","09/09/2007 19:57","09/09/2007 21:08",69.0212,15.0628
"gp10-684-07","10/09/2007 06:36","10/09/2007 16:21",69.0219,15.0635
"gp10-684-07","11/09/2007 08:45","11/09/2007 10:49",69.0213,15.0616
"gp10-684-07","11/09/2007 10:48","11/09/2007 14:58",69.0239,15.0659
"gp10-684-07","13/09/2007 11:03","13/09/2007 17:12",69.0225,15.0625
"gp10-684-07","14/09/2007 09:25","14/09/2007 09:43",69.021,15.0612
"gp10-684-07","14/09/2007 09:42","14/09/2007 11:49",69.0215,15.0614
"gp10-684-07","14/09/2007 12:10","14/09/2007 14:05",69.0216,15.062
"gp10-684-07","15/09/2007 07:28","15/09/2007 12:43",69.0213,15.0619
"gp10-684-07","15/09/2007 12:44","15/09/2007 13:11",69.0213,15.0616
"gp10-684-07","15/09/2007 13:22","15/09/2007 13:34",69.0224,15.0631
"gp10-684-07","16/09/2007 14:49","16/09/2007 20:52",69.0226,15.0703
"gp10-684-07","17/09/2007 13:22","17/09/2007 15:47",69.0218,15.0627
"gp10-684-07","17/09/2007 15:47","17/09/2007 19:18",69.0217,15.0632
"gp10-684-07","19/09/2007 13:06","19/09/2007 23:39",69.0225,15.0703
"gp10-684-07","20/09/2007 11:33","20/09/2007 18:24",69.0216,15.0598
"gp10-684-07","21/09/2007 09:45","21/09/2007 16:54",69.032,15.073
"gp10-684-07","22/09/2007 08:50","22/09/2007 13:33",69.0217,15.0576
"gp10-684-07","23/09/2007 08:23","23/09/2007 11:21",69.0214,15.0614
"gp10-684-07","23/09/2007 11:53","23/09/2007 12:14",69.0212,15.0619
"gp10-684-07","23/09/2007 16:48","23/09/2007 19:22",69.0211,15.0626
"gp10-684-07","24/09/2007 11:48","24/09/2007 14:49",69.0216,15.0633
"gp10-684-07","24/09/2007 18:08","24/09/2007 18:26",69.0211,15.0614
"gp10-684-07","25/09/2007 11:44","25/09/2007 15:00",69.0212,15.0619
"gp10-684-07","27/09/2007 08:58","27/09/2007 15:31",69.0217,15.0627
"gp10-684-07","28/09/2007 08:14","28/09/2007 08:40",69.0212,15.0621
"gp10-684-07","28/09/2007 09:26","28/09/2007 11:15",69.0212,15.0615
"gp10-684-07","28/09/2007 11:27","28/09/2007 11:45",69.0213,15.0617
"gp10-684-07","28/09/2007 17:13","28/09/2007 20:14",69.0212,15.0629
"gp10-684-07","29/09/2007 03:41","29/09/2007 04:55",69.0215,15.0613
"gp10-684-07","29/09/2007 05:16","29/09/2007 05:30",69.0215,15.0624
"gp10-684-07","29/09/2007 07:13","29/09/2007 07:55",69.0217,15.0619
"gp10-684-07","29/09/2007 08:49","29/09/2007 09:36",69.0213,15.0611
"gp10-684-07","29/09/2007 09:39","29/09/2007 11:49",69.0214,15.0613
"gp10-684-07","29/09/2007 11:53","29/09/2007 12:29",69.0229,15.0735
"gp10-684-07","29/09/2007 15:12","29/09/2007 17:28",69.0215,15.063
"gp10-684-07","30/09/2007 07:36","30/09/2007 10:16",69.0214,15.0614
"gp10-684-07","30/09/2007 10:13","30/09/2007 17:16",69.0212,15.0619
"gp10-684-07","30/09/2007 17:45","30/09/2007 18:27",69.0198,15.0628
"gp10-684-07","01/10/2007 08:46","01/10/2007 09:19",69.021,15.0615
"gp10-684-07","01/10/2007 09:20","01/10/2007 09:58",69.0212,15.0625
"gp10-684-07","01/10/2007 12:57","01/10/2007 14:55",69.0216,15.0619
"gp10-684-07","02/10/2007 09:10","02/10/2007 10:03",69.0211,15.0631
"gp10-684-07","02/10/2007 10:30","02/10/2007 13:49",69.021,15.0676
"gp10-684-07","03/10/2007 09:00","03/10/2007 14:21",69.0214,15.0626
"gp10-684-07","03/10/2007 14:22","03/10/2007 15:42",69.0214,15.0639
"gp10-684-07","04/10/2007 07:11","04/10/2007 16:44",69.0218,15.0628
"gp10-684-07","05/10/2007 06:07","05/10/2007 10:08",69.0229,15.0639
"gp10-684-07","05/10/2007 13:25","05/10/2007 15:02",69.0211,15.0616
"gp10-684-07","06/10/2007 09:44","06/10/2007 12:54",69.021,15.0618
"gp10-684-07","07/10/2007 14:51","07/10/2007 16:15",69.021,15.0765
"gp10-684-07","08/10/2007 07:52","08/10/2007 08:15",69.0206,15.0623
"gp10-684-07","13/10/2007 19:01","13/10/2007 19:28",69.1589,15.7363
"gp10-684-07","14/10/2007 06:15","14/10/2007 09:40",69.1546,15.7366
"gp10-684-07","15/10/2007 09:45","15/10/2007 10:12",69.1517,15.7404
"gp10-684-07","15/10/2007 19:23","15/10/2007 22:42",69.1626,15.7742
"gp10-684-07","16/10/2007 06:34","16/10/2007 10:47",69.1673,15.7716
"gp10-684-07","16/10/2007 19:08","16/10/2007 22:21",69.1623,15.7735
"gp10-684-07","17/10/2007 06:07","17/10/2007 11:52",69.1694,15.7702
"gp10-684-07","21/10/2007 07:56","21/10/2007 12:47",68.9779,15.3182
"gp10-684-07","21/10/2007 14:32","21/10/2007 15:07",68.9799,15.3142
"gp10-684-07","22/10/2007 06:20","22/10/2007 07:37",68.9776,15.3175
"gp10-684-07","22/10/2007 07:37","22/10/2007 08:27",68.9776,15.3168
"gp10-684-07","22/10/2007 10:24","22/10/2007 13:10",68.978,15.3174
"gp10-684-07","25/10/2007 11:54","25/10/2007 12:48",68.9308,15.2216
"gp10-684-07","26/10/2007 01:08","26/10/2007 01:47",68.9296,15.2202
"gp10-684-07","26/10/2007 04:33","26/10/2007 07:19",68.9321,15.2268
"gp10-684-07","26/10/2007 10:45","26/10/2007 12:43",68.9308,15.2221
"gp10-684-07","27/10/2007 06:48","27/10/2007 07:51",68.933,15.2251
"gp10-684-07","29/10/2007 18:34","29/10/2007 22:08",69.1552,15.7341
"gp10-684-07","30/10/2007 05:43","30/10/2007 07:04",69.1624,15.7711
"gp10-684-07","30/10/2007 09:41","30/10/2007 10:32",69.1622,15.7726
"gp10-684-07","31/10/2007 05:28","31/10/2007 05:57",68.9303,15.2203
"gp10-684-07","01/11/2007 01:04","01/11/2007 01:30",68.9852,15.3226
"gp10-684-07","02/11/2007 07:01","02/11/2007 09:23",68.9308,15.2229
"gp10-684-07","02/11/2007 09:38","02/11/2007 10:35",68.9312,15.2272
"gp10-684-07","03/11/2007 05:57","03/11/2007 09:52",68.931,15.2212
"gp10-684-07","04/11/2007 04:03","04/11/2007 05:27",68.9316,15.2214
"gp10-684-07","04/11/2007 05:39","04/11/2007 07:12",68.9299,15.2203
"gp10-684-07","04/11/2007 07:11","04/11/2007 09:57",68.9302,15.2198
"gp10-684-07","04/11/2007 10:16","04/11/2007 11:34",68.931,15.2214
"gp10-684-07","05/11/2007 08:49","05/11/2007 11:11",68.9319,15.2204
"gp10-684-07","06/11/2007 10:03","06/11/2007 11:55",68.9311,15.2204
"gp10-684-07","07/11/2007 08:43","07/11/2007 10:26",68.9306,15.2219
"gp10-684-07","07/11/2007 12:28","07/11/2007 13:09",68.9298,15.2174
"gp10-684-07","07/11/2007 13:10","07/11/2007 13:45",68.9318,15.2181
"gp10-684-07","08/11/2007 10:30","08/11/2007 14:25",68.9289,15.2346
"gp10-684-07","09/11/2007 09:47","09/11/2007 12:00",68.9294,15.2199
"gp10-684-07","09/11/2007 12:02","09/11/2007 13:51",68.9287,15.222
"gp10-684-07","10/11/2007 05:08","10/11/2007 07:36",68.9326,15.2241
"gp10-684-07","10/11/2007 11:16","10/11/2007 12:10",68.9299,15.22
"gp10-684-07","10/11/2007 12:39","10/11/2007 12:57",68.9306,15.2229
"gp10-684-07","10/11/2007 23:28","11/11/2007 00:28",68.9299,15.2208
"gp10-684-07","11/11/2007 02:33","11/11/2007 03:33",68.9307,15.2207
"gp10-684-07","11/11/2007 03:34","11/11/2007 05:11",68.9323,15.2239
"gp10-684-07","11/11/2007 13:45","11/11/2007 14:23",68.9301,15.222
"gp10-684-07","12/11/2007 07:53","12/11/2007 09:04",68.934,15.2249
"gp10-684-07","13/11/2007 04:45","13/11/2007 10:42",69.1553,15.7327
"gp10-684-07","13/11/2007 17:33","13/11/2007 18:56",69.1556,15.7321
"gp10-684-07","13/11/2007 19:05","13/11/2007 19:49",69.1553,15.733
"gp10-684-07","13/11/2007 19:52","13/11/2007 21:59",69.1548,15.7344
"gp10-684-07","14/11/2007 04:57","14/11/2007 11:00",69.156,15.7297
"gp10-684-07","16/11/2007 19:09","16/11/2007 20:03",69.1528,15.7475
"gp10-684-07","16/11/2007 20:12","17/11/2007 00:55",69.1552,15.733
"gp10-684-07","17/11/2007 08:25","17/11/2007 12:05",69.1567,15.7291
"gp10-684-07","19/11/2007 09:41","19/11/2007 16:44",69.0235,15.1632
"gp10-684-07","19/11/2007 23:08","19/11/2007 23:25",69.0225,15.1666
"gp10-684-07","19/11/2007 23:28","20/11/2007 04:05",69.0254,15.1605
"gp10-684-07","25/11/2007 17:09","25/11/2007 19:04",69.1534,15.7309
"gp10-684-07","26/11/2007 04:59","26/11/2007 05:59",69.1547,15.735
"gp10-684-07","27/11/2007 06:38","27/11/2007 08:45",69.0673,15.1772
"gp10-684-07","27/11/2007 08:54","27/11/2007 12:28",69.0673,15.1788
"gp10-684-07","27/11/2007 20:12","27/11/2007 23:37",69.0675,15.1767
"gp10-684-07","28/11/2007 03:56","28/11/2007 04:31",69.0674,15.1777
"gp10-684-07","29/11/2007 07:20","29/11/2007 11:12",69.0229,15.1685
"gp10-684-07","29/11/2007 11:31","29/11/2007 12:12",69.0222,15.1667
"gp10-684-07","29/11/2007 18:15","29/11/2007 22:04",69.0231,15.164
"gp10-684-07","30/11/2007 06:38","30/11/2007 13:29",69.023,15.1668
"gp10-684-07","30/11/2007 19:27","01/12/2007 02:36",69.0226,15.1666
"gp10-684-07","02/12/2007 11:15","02/12/2007 14:22",69.023,15.1667
"gp10-684-07","02/12/2007 22:48","03/12/2007 01:46",69.0224,15.1664
"gp10-684-07","03/12/2007 01:55","03/12/2007 04:20",69.0231,15.1674
"gp10-684-07","03/12/2007 12:16","03/12/2007 15:26",69.0227,15.1656
"gp10-684-07","03/12/2007 23:28","04/12/2007 05:13",69.0233,15.1646
"gp10-684-07","04/12/2007 12:58","04/12/2007 15:38",69.0226,15.1672
"gp10-684-07","08/12/2007 03:49","08/12/2007 07:47",69.0217,15.1646
"gp10-684-07","08/12/2007 16:10","08/12/2007 16:25",69.0224,15.167
"gp10-684-07","08/12/2007 16:36","08/12/2007 18:40",69.0226,15.1665
"gp10-684-07","08/12/2007 19:08","08/12/2007 19:43",69.0222,15.166
"gp10-684-07","09/12/2007 04:13","09/12/2007 08:08",69.0226,15.1643
"gp10-684-07","09/12/2007 17:05","09/12/2007 20:00",69.0222,15.1666
"gp10-684-07","10/12/2007 09:12","10/12/2007 09:36",69.0221,15.1666
"gp10-684-07","12/12/2007 03:02","12/12/2007 10:35",69.0229,15.1693
"gp10-684-07","13/12/2007 09:50","13/12/2007 11:04",69.0227,15.167
"gp10-684-07","14/12/2007 22:49","15/12/2007 00:22",69.0229,15.1682
"gp10-684-07","15/12/2007 08:02","15/12/2007 09:28",69.0219,15.1675
"gp10-684-07","17/12/2007 21:58","17/12/2007 23:35",69.0224,15.1667
"gp10-684-07","17/12/2007 23:41","18/12/2007 01:21",69.023,15.1681
"gp10-684-07","18/12/2007 08:18","18/12/2007 14:57",69.024,15.1682
"gp10-684-07","20/12/2007 11:48","20/12/2007 13:21",69.0212,15.159
"gp10-684-07","22/12/2007 01:47","22/12/2007 06:44",69.0236,15.1689
"gp10-684-07","22/12/2007 12:46","22/12/2007 18:49",69.0225,15.1649
"gp10-684-07","23/12/2007 01:25","23/12/2007 07:52",69.0246,15.1568
"gp10-684-07","25/12/2007 19:34","25/12/2007 20:58",69.0224,15.1685
"gp10-684-07","26/12/2007 05:30","26/12/2007 07:22",69.0224,15.1668
"gp10-684-07","26/12/2007 07:24","26/12/2007 09:46",69.0215,15.1662
"gp10-684-07","26/12/2007 18:11","26/12/2007 21:48",69.0237,15.1661
"gp10-684-07","26/12/2007 21:49","26/12/2007 22:43",69.0253,15.1662
"gp10-684-07","27/12/2007 06:31","27/12/2007 09:20",69.0217,15.1672
"gp10-684-07","27/12/2007 21:05","27/12/2007 22:51",69.0222,15.1718
"gp10-684-07","29/12/2007 08:49","29/12/2007 11:56",69.023,15.1665
"gp10-684-07","29/12/2007 20:30","30/12/2007 01:16",69.0232,15.1666
"gp10-684-07","30/12/2007 07:15","30/12/2007 13:18",69.0224,15.1664
"gp10-684-07","31/12/2007 02:34","31/12/2007 03:16",69.0228,15.1678
"gp10-684-07","31/12/2007 07:42","31/12/2007 15:27",69.0221,15.1688
"gp10-684-07","31/12/2007 20:15","31/12/2007 22:04",69.0225,15.168
"gp10-684-07","01/01/2008 09:14","01/01/2008 12:48",69.0233,15.1645
"gp10-684-07","02/01/2008 11:29","02/01/2008 15:33",69.0242,15.1631
"gp10-684-07","03/01/2008 11:01","03/01/2008 17:16",69.023,15.166
"gp10-684-07","03/01/2008 23:04","04/01/2008 05:49",69.022,15.1678
"gp10-684-07","06/01/2008 00:49","06/01/2008 08:40",69.0229,15.1679
"gp10-684-07","07/01/2008 04:21","07/01/2008 07:28",69.0241,15.1741
"gp10-684-07","08/01/2008 05:29","08/01/2008 09:30",69.0216,15.1668
"gp10-684-07","08/01/2008 19:47","08/01/2008 20:29",69.0229,15.1678
"gp10-684-07","09/01/2008 04:03","09/01/2008 08:10",69.0216,15.1673
"gp10-684-07","10/01/2008 06:19","10/01/2008 08:08",69.023,15.1699
"gp10-684-07","11/01/2008 06:16","11/01/2008 07:24",69.0232,15.1682
"gp10-684-07","11/01/2008 19:36","11/01/2008 21:49",69.0233,15.1697
"gp10-684-07","12/01/2008 05:40","12/01/2008 08:29",69.0225,15.1666
"gp10-684-07","13/01/2008 07:00","13/01/2008 08:00",69.0231,15.1687
"gp10-684-07","13/01/2008 08:11","13/01/2008 08:23",69.0224,15.167
"gp10-684-07","14/01/2008 07:35","14/01/2008 09:57",69.0231,15.168
"gp10-684-07","15/01/2008 08:47","15/01/2008 11:09",69.0225,15.1645
"gp10-684-07","17/01/2008 12:25","17/01/2008 12:46",68.9568,15.1965
"gp10-684-07","17/01/2008 23:34","18/01/2008 05:49",69.0213,15.1667
"gp10-684-07","18/01/2008 13:29","18/01/2008 17:33",69.0228,15.1697
"gp10-684-07","19/01/2008 03:20","19/01/2008 05:57",69.0215,15.1662
"gp10-684-07","19/01/2008 13:43","19/01/2008 17:26",69.0222,15.1665
"gp10-684-07","20/01/2008 01:15","20/01/2008 03:19",69.0225,15.1683
"gp10-684-07","20/01/2008 03:22","20/01/2008 06:08",69.0229,15.171
"gp10-684-07","20/01/2008 13:51","20/01/2008 19:18",69.0233,15.1704
"gp10-684-07","21/01/2008 03:01","21/01/2008 03:24",69.0223,15.1664
"gp10-684-07","21/01/2008 03:26","21/01/2008 07:51",69.0211,15.166
"gp10-684-07","21/01/2008 14:32","21/01/2008 20:17",69.021,15.1653
"gp10-684-07","22/01/2008 02:21","22/01/2008 09:12",69.021,15.1654
"gp10-684-07","22/01/2008 15:11","22/01/2008 21:20",69.0231,15.1638
"gp10-684-07","23/01/2008 02:54","23/01/2008 09:45",69.0217,15.1655
"gp10-684-07","25/01/2008 21:31","25/01/2008 22:45",69.0226,15.1678
"gp10-684-07","26/01/2008 06:52","26/01/2008 09:50",69.0221,15.1674
"gp10-684-07","26/01/2008 19:58","26/01/2008 22:59",69.0225,15.1669
"gp10-684-07","30/01/2008 10:29","30/01/2008 12:09",69.0217,15.1662
"gp10-684-07","31/01/2008 09:32","31/01/2008 14:23",69.0223,15.1668
"gp10-684-07","01/02/2008 00:57","01/02/2008 03:22",69.0222,15.1676
"gp10-684-07","01/02/2008 23:27","02/02/2008 05:18",69.0222,15.1663
"gp10-684-07","02/02/2008 13:36","02/02/2008 13:54",69.0222,15.168
"gp10-684-07","04/02/2008 03:30","04/02/2008 04:20",69.0229,15.1691
"gp10-684-07","04/02/2008 06:02","04/02/2008 07:45",69.022,15.1666
"gp10-684-07","04/02/2008 16:43","04/02/2008 17:07",69.023,15.1693
"gp10-684-07","04/02/2008 17:12","04/02/2008 19:04",69.0219,15.1652
"gp10-684-07","05/02/2008 03:42","05/02/2008 06:49",69.0228,15.1678
"gp10-684-07","05/02/2008 14:38","05/02/2008 15:10",69.0226,15.1668
"gp10-684-07","05/02/2008 16:22","05/02/2008 17:19",69.0229,15.1699
"gp10-684-07","06/02/2008 04:55","06/02/2008 06:59",69.0232,15.1696
"gp10-684-07","07/02/2008 03:47","07/02/2008 04:34",69.0228,15.1672
"gp10-684-07","09/02/2008 04:35","09/02/2008 09:44",69.0228,15.171
"gp10-684-07","14/02/2008 23:56","15/02/2008 00:52",69.0234,15.1684
"gp10-684-07","15/02/2008 00:56","15/02/2008 01:22",69.0235,15.1681
"gp10-684-07","15/02/2008 07:16","15/02/2008 15:13",69.0219,15.1672
"gp10-684-07","17/02/2008 15:20","17/02/2008 15:34",69.0223,15.167
"gp10-684-07","17/02/2008 15:48","17/02/2008 18:04",69.0231,15.1695
"gp10-684-07","19/02/2008 07:01","19/02/2008 07:40",69.0219,15.1668
"gp10-684-07","20/02/2008 04:15","20/02/2008 07:25",69.1576,15.7655
"gp10-684-07","26/02/2008 08:12","26/02/2008 10:19",69.1542,15.7366
"gp10-684-07","27/02/2008 09:07","27/02/2008 11:05",69.1533,15.7401
"gp10-684-07","29/02/2008 10:30","29/02/2008 11:36",69.0674,15.1789
"gp10-684-07","03/03/2008 01:42","03/03/2008 02:06",69.0676,15.1773
"gp10-684-07","03/03/2008 02:09","03/03/2008 04:49",69.0675,15.1781
"gp10-684-07","03/03/2008 10:37","03/03/2008 13:08",69.0676,15.1785
"gp10-684-07","07/03/2008 02:44","07/03/2008 08:59",69.0676,15.1793
"gp10-684-07","08/03/2008 02:34","08/03/2008 08:07",69.0675,15.1793
"gp10-684-07","10/03/2008 00:05","10/03/2008 15:59",69.0674,15.1794
"gp10-684-07","11/03/2008 04:29","11/03/2008 12:20",69.0674,15.1795
"gp10-684-07","14/03/2008 03:31","14/03/2008 14:40",69.0675,15.1794
"gp10-684-07","16/03/2008 10:58","16/03/2008 11:52",69.0679,15.1787
"gp10-684-07","18/03/2008 05:33","18/03/2008 06:30",69.0675,15.1776
"gp10-684-07","19/03/2008 15:22","19/03/2008 18:38",69.0676,15.1777
"gp10-684-07","20/03/2008 02:45","20/03/2008 07:36",69.0674,15.1791
"gp10-684-07","20/03/2008 13:54","20/03/2008 14:50",69.0676,15.1789
"gp10-684-07","20/03/2008 15:50","20/03/2008 17:07",69.0675,15.179
"gp10-684-07","22/03/2008 01:18","22/03/2008 09:39",69.0676,15.1789
"gp10-684-07","24/03/2008 04:16","24/03/2008 08:20",69.0676,15.1791
"gp10-684-07","25/03/2008 03:30","25/03/2008 03:51",69.0673,15.1769
"gp10-684-07","25/03/2008 04:35","25/03/2008 04:58",69.0676,15.1774
"gp10-684-07","25/03/2008 05:09","25/03/2008 09:22",69.0677,15.1793
"gp10-684-07","26/03/2008 03:30","26/03/2008 12:27",69.0674,15.1789
"gp10-684-07","27/03/2008 03:14","27/03/2008 04:43",69.0675,15.1787
